paper_no,first_author,year,original_acupoint,standard_acupoint,system,action,reason
1,Guo J,2008,GV20,GV20,body,keep,표준 체침 경혈 코드
1,Guo J,2008,HT7,HT7,body,keep,표준 체침 경혈 코드
1,Guo J,2008,SP6,SP6,body,keep,표준 체침 경혈 코드
1,Guo J,2008,GV24,GV24,body,keep,표준 체침 경혈 코드
1,Guo J,2008,Sishencong,SISHENCONG,body,map,명명된 체침/기혈 표준화
2,Guo JW,2013,GV20,GV20,body,keep,표준 체침 경혈 코드
2,Guo JW,2013,HT7,HT7,body,keep,표준 체침 경혈 코드
2,Guo JW,2013,SP6,SP6,body,keep,표준 체침 경혈 코드
2,Guo JW,2013,GV24,GV24,body,keep,표준 체침 경혈 코드
2,Guo JW,2013,Sishencong,SISHENCONG,body,map,명명된 체침/기혈 표준화
3,He FL,2010,GV20,GV20,body,keep,표준 체침 경혈 코드
3,He FL,2010,HT7,HT7,body,keep,표준 체침 경혈 코드
3,He FL,2010,SP6,SP6,body,keep,표준 체침 경혈 코드
3,He FL,2010,BL62,BL62,body,keep,표준 체침 경혈 코드
3,He FL,2010,KI6,KI6,body,keep,표준 체침 경혈 코드
3,He FL,2010,KI9,KI9,body,keep,표준 체침 경혈 코드
3,He FL,2010,PC6,PC6,body,keep,표준 체침 경혈 코드
3,He FL,2010,GB35,GB35,body,keep,표준 체침 경혈 코드
3,He FL,2010,Anmian,ANMIAN,body,map,명명된 체침/기혈 표준화
4,He T,2010,GV20,GV20,body,keep,표준 체침 경혈 코드
4,He T,2010,HT7,HT7,body,keep,표준 체침 경혈 코드
4,He T,2010,SP6,SP6,body,keep,표준 체침 경혈 코드
4,He T,2010,ST36,ST36,body,keep,표준 체침 경혈 코드
4,He T,2010,PC6,PC6,body,keep,표준 체침 경혈 코드
4,He T,2010,GB19,GB19,body,keep,표준 체침 경혈 코드
4,He T,2010,LR3,LR3,body,keep,표준 체침 경혈 코드
4,He T,2010,GV17,GV17,body,keep,표준 체침 경혈 코드
5,Lai Y,2011,GV20,GV20,body,keep,표준 체침 경혈 코드
5,Lai Y,2011,HT7,HT7,body,keep,표준 체침 경혈 코드
5,Lai Y,2011,SP6,SP6,body,keep,표준 체침 경혈 코드
5,Lai Y,2011,PC6,PC6,body,keep,표준 체침 경혈 코드
5,Lai Y,2011,CV4,CV4,body,keep,표준 체침 경혈 코드
5,Lai Y,2011,CV6,CV6,body,keep,표준 체침 경혈 코드
5,Lai Y,2011,CV10,CV10,body,keep,표준 체침 경혈 코드
5,Lai Y,2011,CV12,CV12,body,keep,표준 체침 경혈 코드
5,Lai Y,2011,Sishencong,SISHENCONG,body,map,명명된 체침/기혈 표준화
5,Lai Y,2011,Yintang,YINTANG,body,map,명명된 체침/기혈 표준화
5,Lai Y,2011,Ear points: heart,EAR_HEART,ear,map,이침 경혈 표준화
5,Lai Y,2011,kidney,EAR_KIDNEY,ear,map,이침 경혈 표준화
5,Lai Y,2011,liver,EAR_LIVER,ear,map,이침 경혈 표준화
5,Lai Y,2011,shenmen,EAR_SHENMEN,ear,map,이침 경혈 표준화
5,Lai Y,2011,spleen,EAR_SPLEEN,ear,map,이침 경혈 표준화
5,Lai Y,2011,subcortex,EAR_SUBCORTEX,ear,map,이침 경혈 표준화
5,Lai Y,2011,sympathetic,EAR_SYMPATHETIC,ear,map,이침 경혈 표준화
6,Li PF,2013,GV20,GV20,body,keep,표준 체침 경혈 코드
6,Li PF,2013,GV11,GV11,body,keep,표준 체침 경혈 코드
6,Li PF,2013,GV14,GV14,body,keep,표준 체침 경혈 코드
6,Li PF,2013,GV16,GV16,body,keep,표준 체침 경혈 코드
6,Li PF,2013,GV17,GV17,body,keep,표준 체침 경혈 코드
6,Li PF,2013,GV18,GV18,body,keep,표준 체침 경혈 코드
6,Li PF,2013,GV24,GV24,body,keep,표준 체침 경혈 코드
7,Li XY,2010,GV20,GV20,body,keep,표준 체침 경혈 코드
7,Li XY,2010,HT7,HT7,body,keep,표준 체침 경혈 코드
7,Li XY,2010,GB20,GB20,body,keep,표준 체침 경혈 코드
7,Li XY,2010,Anmian,ANMIAN,body,map,명명된 체침/기혈 표준화
7,Li XY,2010,Sishencong,SISHENCONG,body,map,명명된 체침/기혈 표준화
8,Liu JY,2013,SP6,SP6,body,keep,표준 체침 경혈 코드
8,Liu JY,2013,ST36,ST36,body,keep,표준 체침 경혈 코드
8,Liu JY,2013,Sishencong,SISHENCONG,body,map,명명된 체침/기혈 표준화
8,Liu JY,2013,Taiyang,TAIYANG,body,map,명명된 체침/기혈 표준화
9,Lu YY,2008,GV20,GV20,body,keep,표준 체침 경혈 코드
9,Lu YY,2008,HT7,HT7,body,keep,표준 체침 경혈 코드
9,Lu YY,2008,BL23,BL23,body,keep,표준 체침 경혈 코드
9,Lu YY,2008,KI3,KI3,body,keep,표준 체침 경혈 코드
9,Lu YY,2008,PC6,PC6,body,keep,표준 체침 경혈 코드
9,Lu YY,2008,GV11,GV11,body,keep,표준 체침 경혈 코드
9,Lu YY,2008,GV16,GV16,body,keep,표준 체침 경혈 코드
9,Lu YY,2008,GV24,GV24,body,keep,표준 체침 경혈 코드
10,Luo WZ,2006,GV20,GV20,body,keep,표준 체침 경혈 코드
10,Luo WZ,2006,HT7,HT7,body,keep,표준 체침 경혈 코드
10,Luo WZ,2006,LI4,LI4,body,keep,표준 체침 경혈 코드
10,Luo WZ,2006,LR3. Yintang,LR3,body,split,마침표로 연결된 체침 경혈 분리
10,Luo WZ,2006,LR3. Yintang,YINTANG,body,split,마침표로 연결된 체침 경혈 분리
11,Song Q,2007,GV20,GV20,body,keep,표준 체침 경혈 코드
11,Song Q,2007,Sishencong,SISHENCONG,body,map,명명된 체침/기혈 표준화
12,Su D,2011,HT7,HT7,body,keep,표준 체침 경혈 코드
12,Su D,2011,SP6,SP6,body,keep,표준 체침 경혈 코드
12,Su D,2011,ST36,ST36,body,keep,표준 체침 경혈 코드
12,Su D,2011,HT5,HT5,body,keep,표준 체침 경혈 코드
12,Su D,2011,BL15,BL15,body,keep,표준 체침 경혈 코드
12,Su D,2011,BL20 or BL15,,unknown,drop,or 표현으로 특정 경혈 확정 불가
12,Su D,2011,BL19,BL19,body,keep,표준 체침 경혈 코드
12,Su D,2011,PC7 or KI1,,unknown,drop,or 표현으로 특정 경혈 확정 불가
12,Su D,2011,KI3,KI3,body,keep,표준 체침 경혈 코드
12,Su D,2011,LR3,LR3,body,keep,표준 체침 경혈 코드
13,Su J,2014,HT7,HT7,body,keep,표준 체침 경혈 코드
13,Su J,2014,SP6,SP6,body,keep,표준 체침 경혈 코드
13,Su J,2014,ST36,ST36,body,keep,표준 체침 경혈 코드
13,Su J,2014,BL23,BL23,body,keep,표준 체침 경혈 코드
13,Su J,2014,BL60,BL60,body,keep,표준 체침 경혈 코드
13,Su J,2014,BL62,BL62,body,keep,표준 체침 경혈 코드
13,Su J,2014,KI3,KI3,body,keep,표준 체침 경혈 코드
13,Su J,2014,KI6,KI6,body,keep,표준 체침 경혈 코드
13,Su J,2014,PC6,PC6,body,keep,표준 체침 경혈 코드
13,Su J,2014,Sishencong,SISHENCONG,body,map,명명된 체침/기혈 표준화
14,Sun ZY,2010,SP6,SP6,body,keep,표준 체침 경혈 코드
14,Sun ZY,2010,KI1,KI1,body,keep,표준 체침 경혈 코드
14,Sun ZY,2010,KI3,KI3,body,keep,표준 체침 경혈 코드
15,Tan Y,2012,HT7,HT7,body,keep,표준 체침 경혈 코드
15,Tan Y,2012,SP6,SP6,body,keep,표준 체침 경혈 코드
15,Tan Y,2012,Anmian,ANMIAN,body,map,명명된 체침/기혈 표준화
16,Tao HX,2009,SP6,SP6,body,keep,표준 체침 경혈 코드
16,Tao HX,2009,PC6,PC6,body,keep,표준 체침 경혈 코드
16,Tao HX,2009,Sishencong,SISHENCONG,body,map,명명된 체침/기혈 표준화
16,Tao HX,2009,Taiyang,TAIYANG,body,map,명명된 체침/기혈 표준화
16,Tao HX,2009,Yintang,YINTANG,body,map,명명된 체침/기혈 표준화
17,Tu JH,2012,HT7,HT7,body,keep,표준 체침 경혈 코드
17,Tu JH,2012,ST36,ST36,body,keep,표준 체침 경혈 코드
18,Wang LL,2012,GV20,GV20,body,keep,표준 체침 경혈 코드
18,Wang LL,2012,HT7,HT7,body,keep,표준 체침 경혈 코드
18,Wang LL,2012,SP6,SP6,body,keep,표준 체침 경혈 코드
18,Wang LL,2012,ST25,ST25,body,keep,표준 체침 경혈 코드
18,Wang LL,2012,ST36,ST36,body,keep,표준 체침 경혈 코드
18,Wang LL,2012,BL15,BL15,body,keep,표준 체침 경혈 코드
18,Wang LL,2012,BL18,BL18,body,keep,표준 체침 경혈 코드
18,Wang LL,2012,BL19,BL19,body,keep,표준 체침 경혈 코드
18,Wang LL,2012,BL20,BL20,body,keep,표준 체침 경혈 코드
18,Wang LL,2012,BL21,BL21,body,keep,표준 체침 경혈 코드
18,Wang LL,2012,BL23,BL23,body,keep,표준 체침 경혈 코드
18,Wang LL,2012,BL24,BL24,body,keep,표준 체침 경혈 코드
18,Wang LL,2012,BL26,BL26,body,keep,표준 체침 경혈 코드
18,Wang LL,2012,BL40,BL40,body,keep,표준 체침 경혈 코드
18,Wang LL,2012,BL57,BL57,body,keep,표준 체침 경혈 코드
18,Wang LL,2012,PC6,PC6,body,keep,표준 체침 경혈 코드
18,Wang LL,2012,LR3,LR3,body,keep,표준 체침 경혈 코드
18,Wang LL,2012,GV4,GV4,body,keep,표준 체침 경혈 코드
18,Wang LL,2012,GV14,GV14,body,keep,표준 체침 경혈 코드
18,Wang LL,2012,GV24,GV24,body,keep,표준 체침 경혈 코드
18,Wang LL,2012,CV4,CV4,body,keep,표준 체침 경혈 코드
18,Wang LL,2012,CV6,CV6,body,keep,표준 체침 경혈 코드
18,Wang LL,2012,CV12,CV12,body,keep,표준 체침 경혈 코드
18,Wang LL,2012,Anmian,ANMIAN,body,map,명명된 체침/기혈 표준화
19,Xia XF,2012,GV20,GV20,body,keep,표준 체침 경혈 코드
19,Xia XF,2012,BL15,BL15,body,keep,표준 체침 경혈 코드
19,Xia XF,2012,BL23,BL23,body,keep,표준 체침 경혈 코드
19,Xia XF,2012,GV4,GV4,body,keep,표준 체침 경혈 코드
19,Xia XF,2012,GV9,GV9,body,keep,표준 체침 경혈 코드
19,Xia XF,2012,GV10,GV10,body,keep,표준 체침 경혈 코드
19,Xia XF,2012,GV11,GV11,body,keep,표준 체침 경혈 코드
19,Xia XF,2012,GV14,GV14,body,keep,표준 체침 경혈 코드
19,Xia XF,2012,GV16,GV16,body,keep,표준 체침 경혈 코드
19,Xia XF,2012,GV17,GV17,body,keep,표준 체침 경혈 코드
19,Xia XF,2012,GV24,GV24,body,keep,표준 체침 경혈 코드
19,Xia XF,2012,GV26,GV26,body,keep,표준 체침 경혈 코드
19,Xia XF,2012,CV6,CV6,body,keep,표준 체침 경혈 코드
19,Xia XF,2012,CV12,CV12,body,keep,표준 체침 경혈 코드
19,Xia XF,2012,CV14,CV14,body,keep,표준 체침 경혈 코드
19,Xia XF,2012,CV15,CV15,body,keep,표준 체침 경혈 코드
19,Xia XF,2012,CV17,CV17,body,keep,표준 체침 경혈 코드
19,Xia XF,2012,CV24,CV24,body,keep,표준 체침 경혈 코드
19,Xia XF,2012,Yintang,YINTANG,body,map,명명된 체침/기혈 표준화
20,Xiong JW,2011,GV20,GV20,body,keep,표준 체침 경혈 코드
20,Xiong JW,2011,HT7,HT7,body,keep,표준 체침 경혈 코드
20,Xiong JW,2011,SP6,SP6,body,keep,표준 체침 경혈 코드
20,Xiong JW,2011,LI10,LI10,body,keep,표준 체침 경혈 코드
20,Xiong JW,2011,ST36,ST36,body,keep,표준 체침 경혈 코드
20,Xiong JW,2011,BL2,BL2,body,keep,표준 체침 경혈 코드
20,Xiong JW,2011,PC6,PC6,body,keep,표준 체침 경혈 코드
20,Xiong JW,2011,TE17,TE17,body,keep,표준 체침 경혈 코드
21,Xuan YB,2007,GV20,GV20,body,keep,표준 체침 경혈 코드
21,Xuan YB,2007,HT7,HT7,body,keep,표준 체침 경혈 코드
21,Xuan YB,2007,SP6,SP6,body,keep,표준 체침 경혈 코드
21,Xuan YB,2007,GV24,GV24,body,keep,표준 체침 경혈 코드
21,Xuan YB,2007,Sishencong,SISHENCONG,body,map,명명된 체침/기혈 표준화
22,Yao W,2014,GV20,GV20,body,keep,표준 체침 경혈 코드
22,Yao W,2014,HT7,HT7,body,keep,표준 체침 경혈 코드
22,Yao W,2014,SP6,SP6,body,keep,표준 체침 경혈 코드
22,Yao W,2014,BL62,BL62,body,keep,표준 체침 경혈 코드
22,Yao W,2014,KI6,KI6,body,keep,표준 체침 경혈 코드
22,Yao W,2014,PC6,PC6,body,keep,표준 체침 경혈 코드
22,Yao W,2014,LR3,LR3,body,keep,표준 체침 경혈 코드
22,Yao W,2014,Anmian,ANMIAN,body,map,명명된 체침/기혈 표준화
22,Yao W,2014,Sishencong,SISHENCONG,body,map,명명된 체침/기혈 표준화
22,Yao W,2014,Taiyang,TAIYANG,body,map,명명된 체침/기혈 표준화
22,Yao W,2014,Yintang,YINTANG,body,map,명명된 체침/기혈 표준화
23,Yeung WF,2009,GV20,GV20,body,keep,표준 체침 경혈 코드
23,Yeung WF,2009,Anmian,ANMIAN,body,map,명명된 체침/기혈 표준화
23,Yeung WF,2009,Sishencong,SISHENCONG,body,map,명명된 체침/기혈 표준화
23,Yeung WF,2009,Yintang,YINTANG,body,map,명명된 체침/기혈 표준화
23,Yeung WF,2009,Ear points: shenmen,EAR_SHENMEN,ear,map,이침 경혈 표준화
24,You L,2010,GV20,GV20,body,keep,표준 체침 경혈 코드
24,You L,2010,HT7,HT7,body,keep,표준 체침 경혈 코드
24,You L,2010,SP6,SP6,body,keep,표준 체침 경혈 코드
24,You L,2010,LI10,LI10,body,keep,표준 체침 경혈 코드
24,You L,2010,ST36,ST36,body,keep,표준 체침 경혈 코드
24,You L,2010,BL2,BL2,body,keep,표준 체침 경혈 코드
24,You L,2010,PC6,PC6,body,keep,표준 체침 경혈 코드
24,You L,2010,TE17,TE17,body,keep,표준 체침 경혈 코드
24,You L,2010,Ear points: heart,EAR_HEART,ear,map,이침 경혈 표준화
24,You L,2010,kidney,EAR_KIDNEY,ear,map,이침 경혈 표준화
24,You L,2010,shenmen,EAR_SHENMEN,ear,map,이침 경혈 표준화
24,You L,2010,spleen,EAR_SPLEEN,ear,map,이침 경혈 표준화
24,You L,2010,sympathetic,EAR_SYMPATHETIC,ear,map,이침 경혈 표준화
25,Yu DS,2012,HT7,HT7,body,keep,표준 체침 경혈 코드
25,Yu DS,2012,BL15,BL15,body,keep,표준 체침 경혈 코드
25,Yu DS,2012,BL23,BL23,body,keep,표준 체침 경혈 코드
25,Yu DS,2012,KI1,KI1,body,keep,표준 체침 경혈 코드
25,Yu DS,2012,KI3,KI3,body,keep,표준 체침 경혈 코드
25,Yu DS,2012,PC6,PC6,body,keep,표준 체침 경혈 코드
25,Yu DS,2012,moxa:KI1,KI1,body,map,치료 방식 접두사 제거
26,Yu F,2010,GV20,GV20,body,keep,표준 체침 경혈 코드
26,Yu F,2010,HT7,HT7,body,keep,표준 체침 경혈 코드
26,Yu F,2010,SP6,SP6,body,keep,표준 체침 경혈 코드
26,Yu F,2010,BL62,BL62,body,keep,표준 체침 경혈 코드
26,Yu F,2010,KI6,KI6,body,keep,표준 체침 경혈 코드
26,Yu F,2010,PC6,PC6,body,keep,표준 체침 경혈 코드
26,Yu F,2010,Anmian,ANMIAN,body,map,명명된 체침/기혈 표준화
26,Yu F,2010,Sishencong,SISHENCONG,body,map,명명된 체침/기혈 표준화
26,Yu F,2010,Yintang,YINTANG,body,map,명명된 체침/기혈 표준화
26,Yu F,2010,Ear points: heart,EAR_HEART,ear,map,이침 경혈 표준화
26,Yu F,2010,kidney,EAR_KIDNEY,ear,map,이침 경혈 표준화
26,Yu F,2010,liver,EAR_LIVER,ear,map,이침 경혈 표준화
26,Yu F,2010,shenmen,EAR_SHENMEN,ear,map,이침 경혈 표준화
26,Yu F,2010,spleen,EAR_SPLEEN,ear,map,이침 경혈 표준화
26,Yu F,2010,subcortex,EAR_SUBCORTEX,ear,map,이침 경혈 표준화
26,Yu F,2010,sympathetic,EAR_SYMPATHETIC,ear,map,이침 경혈 표준화
27,Zhang HY,2013,GV20,GV20,body,keep,표준 체침 경혈 코드
27,Zhang HY,2013,HT7,HT7,body,keep,표준 체침 경혈 코드
27,Zhang HY,2013,PC6,PC6,body,keep,표준 체침 경혈 코드
27,Zhang HY,2013,Sishencong,SISHENCONG,body,map,명명된 체침/기혈 표준화
28,Zhu MM,2012,GV20,GV20,body,keep,표준 체침 경혈 코드
28,Zhu MM,2012,HT7,HT7,body,keep,표준 체침 경혈 코드
28,Zhu MM,2012,CV4,CV4,body,keep,표준 체침 경혈 코드
28,Zhu MM,2012,CV6,CV6,body,keep,표준 체침 경혈 코드
28,Zhu MM,2012,CV10,CV10,body,keep,표준 체침 경혈 코드
28,Zhu MM,2012,CV12,CV12,body,keep,표준 체침 경혈 코드
28,Zhu MM,2012,Yintang,YINTANG,body,map,명명된 체침/기혈 표준화
28,Zhu MM,2012,Ear points: shenmen,EAR_SHENMEN,ear,map,이침 경혈 표준화
28,Zhu MM,2012,sympathetic,EAR_SYMPATHETIC,ear,map,이침 경혈 표준화
28,Zhu MM,2012,occiput,EAR_OCCIPUT,ear,map,이침 경혈 표준화
28,Zhu MM,2012,brain,EAR_BRAIN,ear,map,이침 경혈 표준화
28,Zhu MM,2012,hypothysis,EAR_HYPOPHYSIS,ear,map,이침 경혈 표준화
29,Wang YY,2015,GV20,GV20,body,keep,표준 체침 경혈 코드
29,Wang YY,2015,HT7,HT7,body,keep,표준 체침 경혈 코드
29,Wang YY,2015,SP6,SP6,body,keep,표준 체침 경혈 코드
29,Wang YY,2015,PC6,PC6,body,keep,표준 체침 경혈 코드
29,Wang YY,2015,BL13,BL13,body,keep,표준 체침 경혈 코드
29,Wang YY,2015,BL15,BL15,body,keep,표준 체침 경혈 코드
29,Wang YY,2015,BL18,BL18,body,keep,표준 체침 경혈 코드
29,Wang YY,2015,BL20,BL20,body,keep,표준 체침 경혈 코드
29,Wang YY,2015,BL23,BL23,body,keep,표준 체침 경혈 코드
29,Wang YY,2015,BL24,BL24,body,keep,표준 체침 경혈 코드
29,Wang YY,2015,BL26,BL26,body,keep,표준 체침 경혈 코드
29,Wang YY,2015,BL62,BL62,body,keep,표준 체침 경혈 코드
29,Wang YY,2015,Yintang,YINTANG,body,map,명명된 체침/기혈 표준화
29,Wang YY,2015,ST25,ST25,body,keep,표준 체침 경혈 코드
29,Wang YY,2015,KI6,KI6,body,keep,표준 체침 경혈 코드
