source,target,weight
GV20,HT7,27
HT7,SP6,24
HT7,PC6,22
GV20,SP6,19
PC6,SP6,17
GV20,PC6,16
GV20,GV24,14
HT7,ST36,13
GV24,HT7,11
SP6,ST36,11
EAR_HEART,EAR_SHENMEN,10
EAR_SHENMEN,GV20,10
EX-HN22,GV20,10
EX-HN22,HT7,10
GV20,SISHENCONG,10
HT7,KI6,10
HT7,LR3,10
BL15,HT7,9
BL62,KI6,9
EAR_HEART,EAR_KIDNEY,9
EAR_HEART,EAR_SPLEEN,9
EAR_KIDNEY,EAR_SHENMEN,9
EAR_KIDNEY,EAR_SPLEEN,9
EAR_SHENMEN,EAR_SPLEEN,9
HT7,SISHENCONG,9
PC6,ST36,9
SISHENCONG,SP6,9
BL15,BL23,8
BL23,HT7,8
BL62,HT7,8
EAR_HEART,EAR_LIVER,8
EAR_KIDNEY,EAR_LIVER,8
EAR_LIVER,EAR_SHENMEN,8
EAR_LIVER,EAR_SPLEEN,8
EX-HN1,GV20,8
GV20,YINTANG,8
BL15,GV20,7
BL15,SP6,7
BL23,PC6,7
BL23,SP6,7
BL62,PC6,7
EAR_HEART,EAR_SUBCORTEX,7
EAR_SHENMEN,EAR_SUBCORTEX,7
EAR_SHENMEN,HT7,7
EX-HN1,EX-HN22,7
EX-HN1,HT7,7
EX-HN22,SP6,7
EX-HN3,GV20,7
GV24,SP6,7
HT7,KI3,7
KI6,PC6,7
LR3,SP6,7
LR3,ST36,7
ANMIAN,GV20,6
ANMIAN,HT7,6
BL15,BL18,6
BL15,BL20,6
BL18,BL23,6
BL23,GV20,6
BL23,KI3,6
BL62,GV20,6
BL62,SP6,6
CV12,CV6,6
EAR_KIDNEY,EAR_SUBCORTEX,6
EAR_LIVER,EAR_SUBCORTEX,6
EAR_SHENMEN,EAR_SYMPATHETIC,6
EAR_SPLEEN,EAR_SUBCORTEX,6
EX-HN1,SP6,6
EX-HN22,EX-HN3,6
GV20,KI6,6
GV20,LR3,6
HT7,YINTANG,6
KI3,SP6,6
KI6,SP6,6
PC6,SISHENCONG,6
ANMIAN,SP6,5
BL15,GV24,5
BL15,KI3,5
BL15,LR3,5
BL15,ST36,5
BL18,BL20,5
BL18,SP6,5
BL20,BL23,5
BL23,GV24,5
BL23,ST36,5
CV12,GV20,5
CV12,HT7,5
EAR_HEART,EAR_SYMPATHETIC,5
EAR_OCCIPUT,EAR_SHENMEN,5
EAR_SHENMEN,EX-HN3,5
EAR_SHENMEN,PC6,5
EAR_SHENMEN,SP6,5
EAR_SYMPATHETIC,GV20,5
EAR_SYMPATHETIC,HT7,5
EX-HN1,EX-HN3,5
EX-HN1,PC6,5
EX-HN22,PC6,5
EX-HN3,HT7,5
GV14,GV20,5
GV20,ST36,5
GV24,PC6,5
KI3,ST36,5
KI6,ST36,5
LR3,PC6,5
PC6,YINTANG,5
SISHENCONG,YINTANG,5
SP6,YINTANG,5
ANMIAN,PC6,4
ANMIAN,SISHENCONG,4
BL15,BL62,4
BL15,EX-HN22,4
BL15,KI6,4
BL15,PC6,4
BL18,GV20,4
BL18,HT7,4
BL20,HT7,4
BL20,SP6,4
BL23,BL62,4
BL62,ST36,4
CV10,CV12,4
CV10,CV6,4
CV12,CV4,4
CV12,PC6,4
CV4,CV6,4
CV4,HT7,4
CV6,GV20,4
EAR_HEART,EAR_OCCIPUT,4
EAR_HEART,GV20,4
EAR_HEART,HT7,4
EAR_KIDNEY,EAR_OCCIPUT,4
EAR_KIDNEY,EAR_SYMPATHETIC,4
EAR_KIDNEY,GV20,4
EAR_KIDNEY,HT7,4
EAR_LIVER,EAR_OCCIPUT,4
EAR_OCCIPUT,EAR_SPLEEN,4
EAR_OCCIPUT,EAR_SUBCORTEX,4
EAR_SHENMEN,EX-HN1,4
EAR_SHENMEN,EX-HN22,4
EAR_SHENMEN,YINTANG,4
EAR_SPLEEN,EAR_SYMPATHETIC,4
EAR_SPLEEN,GV20,4
EAR_SPLEEN,HT7,4
EX-HN22,KI6,4
EX-HN3,SP6,4
GV11,GV16,4
GV11,GV20,4
GV11,GV24,4
GV14,GV24,4
GV16,GV20,4
GV16,GV24,4
GV17,GV20,4
HT7,LI4,4
KI3,LR3,4
KI3,PC6,4
KI6,LR3,4
LI4,LR3,4
ANMIAN,BL62,3
ANMIAN,KI6,3
ANMIAN,YINTANG,3
BL15,BL19,3
BL15,BL21,3
BL15,BL24,3
BL15,BL26,3
BL15,EX-HN1,3
BL15,EX-HN3,3
BL15,GV14,3
BL15,GV4,3
BL18,BL21,3
BL18,BL24,3
BL18,BL26,3
BL18,LR3,3
BL2,GV20,3
BL20,BL21,3
BL20,BL24,3
BL20,BL26,3
BL20,BL62,3
BL20,GV20,3
BL20,ST36,3
BL21,BL23,3
BL23,BL24,3
BL23,BL26,3
BL23,GV11,3
BL23,GV14,3
BL23,GV16,3
BL23,GV4,3
BL23,KI6,3
BL23,LR3,3
BL24,BL26,3
BL24,GV20,3
BL26,GV20,3
BL62,EX-HN22,3
BL62,LR3,3
BL62,SISHENCONG,3
BL62,YINTANG,3
CV10,CV4,3
CV12,GV24,3
CV12,ST36,3
CV12,YINTANG,3
CV4,GV20,3
CV4,SP6,3
CV6,HT7,3
CV6,PC6,3
CV6,YINTANG,3
EAR_ENDOCRINE,EAR_HEART,3
EAR_ENDOCRINE,EAR_SHENMEN,3
EAR_HEART,PC6,3
EAR_HEART,SP6,3
EAR_KIDNEY,PC6,3
EAR_KIDNEY,SP6,3
EAR_LIVER,EAR_SYMPATHETIC,3
EAR_LIVER,GV20,3
EAR_LIVER,HT7,3
EAR_SHENMEN,SISHENCONG,3
EAR_SPLEEN,PC6,3
EAR_SPLEEN,SP6,3
EAR_SUBCORTEX,EAR_SYMPATHETIC,3
EAR_SYMPATHETIC,PC6,3
EAR_SYMPATHETIC,SP6,3
EAR_SYMPATHETIC,YINTANG,3
EX-HN1,GV24,3
EX-HN1,ST36,3
EX-HN22,GV24,3
EX-HN22,LI4,3
EX-HN22,LR3,3
EX-HN22,ST36,3
EX-HN5,HT7,3
GV11,GV14,3
GV11,GV17,3
GV14,GV16,3
GV14,GV17,3
GV14,GV4,3
GV16,GV17,3
GV17,GV24,3
GV20,GV4,3
GV20,LI4,3
GV24,GV4,3
GV24,SISHENCONG,3
HT7,KI1,3
KI1,SP6,3
KI3,KI6,3
KI6,SISHENCONG,3
KI6,YINTANG,3
PC6,ST25,3
SISHENCONG,TAIYANG,3
SP6,TAIYANG,3
ANMIAN,EAR_SHENMEN,2
ANMIAN,LR3,2
BL13,BL15,2
BL13,BL18,2
BL13,BL20,2
BL13,BL23,2
BL13,BL24,2
BL13,BL26,2
BL13,BL62,2
BL13,GV20,2
BL15,BL40,2
BL15,BL57,2
BL15,CV12,2
BL15,CV4,2
BL15,CV6,2
BL15,GB43,2
BL15,GV10,2
BL15,GV11,2
BL15,GV16,2
BL15,GV17,2
BL15,GV26,2
BL15,GV9,2
BL15,LI4,2
BL15,ST25,2
BL15,YINTANG,2
BL18,BL19,2
BL18,BL40,2
BL18,BL57,2
BL18,BL62,2
BL18,CV4,2
BL18,EX-HN3,2
BL18,GV14,2
BL18,GV24,2
BL18,GV4,2
BL18,KI3,2
BL18,PC6,2
BL18,ST25,2
BL18,ST36,2
BL19,BL20,2
BL19,BL21,2
BL19,BL23,2
BL19,BL24,2
BL19,BL26,2
BL19,BL40,2
BL19,BL57,2
BL19,GV14,2
BL19,GV20,2
BL19,GV24,2
BL19,GV4,2
BL19,HT7,2
BL19,LR3,2
BL19,SP6,2
BL19,ST36,2
BL2,HT7,2
BL2,LI10,2
BL2,PC6,2
BL2,SP6,2
BL2,ST36,2
BL2,TE17,2
BL20,BL40,2
BL20,BL57,2
BL20,CV4,2
BL20,EX-HN1,2
BL20,EX-HN3,2
BL20,GV14,2
BL20,GV24,2
BL20,GV4,2
BL20,KI3,2
BL20,KI6,2
BL20,LR3,2
BL20,PC6,2
BL20,ST25,2
BL21,BL24,2
BL21,BL26,2
BL21,BL40,2
BL21,BL57,2
BL21,CV4,2
BL21,GV14,2
BL21,GV20,2
BL21,GV24,2
BL21,GV4,2
BL21,HT7,2
BL21,LR3,2
BL21,SP6,2
BL21,ST36,2
BL23,BL40,2
BL23,BL57,2
BL23,BL60,2
BL23,CV12,2
BL23,CV4,2
BL23,CV6,2
BL23,EX-HN1,2
BL23,GB43,2
BL23,GV10,2
BL23,GV17,2
BL23,GV26,2
BL23,GV9,2
BL23,ST25,2
BL23,YINTANG,2
BL24,BL40,2
BL24,BL57,2
BL24,BL62,2
BL24,GV14,2
BL24,GV24,2
BL24,GV4,2
BL24,HT7,2
BL24,PC6,2
BL24,SP6,2
BL24,ST25,2
BL26,BL40,2
BL26,BL57,2
BL26,BL62,2
BL26,GV14,2
BL26,GV24,2
BL26,GV4,2
BL26,HT7,2
BL26,PC6,2
BL26,SP6,2
BL26,ST25,2
BL40,BL57,2
BL40,GV14,2
BL40,GV20,2
BL40,GV24,2
BL40,GV4,2
BL57,GV14,2
BL57,GV20,2
BL57,GV24,2
BL57,GV4,2
BL60,BL62,2
BL62,EX-HN1,2
BL62,GV24,2
BL62,KI3,2
BL62,LI4,2
CV10,EAR_SHENMEN,2
CV10,EAR_SYMPATHETIC,2
CV10,GV20,2
CV10,HT7,2
CV10,PC6,2
CV10,YINTANG,2
CV12,EAR_SHENMEN,2
CV12,EAR_SYMPATHETIC,2
CV12,GV14,2
CV12,GV4,2
CV12,LR3,2
CV12,SP6,2
CV12,ST25,2
CV4,EAR_SHENMEN,2
CV4,EAR_SYMPATHETIC,2
CV4,LR3,2
CV4,PC6,2
CV4,ST36,2
CV4,YINTANG,2
CV6,EAR_SHENMEN,2
CV6,EAR_SYMPATHETIC,2
CV6,GV14,2
CV6,GV24,2
CV6,GV4,2
CV6,SP6,2
CV6,ST25,2
CV6,ST36,2
EAR_ENDOCRINE,EAR_KIDNEY,2
EAR_ENDOCRINE,EAR_LIVER,2
EAR_ENDOCRINE,EAR_SPLEEN,2
EAR_ENDOCRINE,EAR_SYMPATHETIC,2
EAR_GALLBLADDER,EAR_HEART,2
EAR_GALLBLADDER,EAR_KIDNEY,2
EAR_GALLBLADDER,EAR_LIVER,2
EAR_GALLBLADDER,EAR_SHENMEN,2
EAR_GALLBLADDER,EAR_SPLEEN,2
EAR_HEART,SISHENCONG,2
EAR_HEART,YINTANG,2
EAR_KIDNEY,SISHENCONG,2
EAR_KIDNEY,YINTANG,2
EAR_LIVER,PC6,2
EAR_LIVER,SISHENCONG,2
EAR_LIVER,SP6,2
EAR_LIVER,YINTANG,2
EAR_SPLEEN,SISHENCONG,2
EAR_SPLEEN,YINTANG,2
EAR_SUBCORTEX,GV20,2
EAR_SUBCORTEX,HT7,2
EAR_SUBCORTEX,PC6,2
EAR_SUBCORTEX,SISHENCONG,2
EAR_SUBCORTEX,SP6,2
EAR_SUBCORTEX,YINTANG,2
EAR_SYMPATHETIC,SISHENCONG,2
EX-HN1,KI3,2
EX-HN1,KI6,2
EX-HN1,LR3,2
EX-HN3,EX-HN5,2
EX-HN3,KI3,2
EX-HN3,KI6,2
EX-HN3,LR3,2
EX-HN3,PC6,2
EX-HN3,ST36,2
EX-HN5,GV20,2
EX-HN5,GV24,2
EX-HN5,KI6,2
GB20,GV20,2
GB20,HT7,2
GB43,KI3,2
GB43,SP6,2
GV10,GV11,2
GV10,GV14,2
GV10,GV16,2
GV10,GV17,2
GV10,GV20,2
GV10,GV24,2
GV10,GV26,2
GV10,GV4,2
GV10,GV9,2
GV11,GV18,2
GV11,GV26,2
GV11,GV4,2
GV11,GV9,2
GV14,GV18,2
GV14,GV26,2
GV14,GV9,2
GV16,GV18,2
GV16,GV26,2
GV16,GV4,2
GV16,GV9,2
GV17,GV18,2
GV17,GV26,2
GV17,GV4,2
GV17,GV9,2
GV18,GV20,2
GV18,GV24,2
GV20,GV26,2
GV20,GV9,2
GV20,KI3,2
GV20,LI10,2
GV20,ST25,2
GV20,TE17,2
GV24,GV26,2
GV24,GV9,2
GV24,KI3,2
GV24,KI6,2
GV24,LR3,2
GV24,ST36,2
GV26,GV4,2
GV26,GV9,2
GV4,GV9,2
HT7,LI10,2
HT7,ST25,2
HT7,TE17,2
KI1,KI3,2
KI1,PC6,2
KI6,LI4,2
LI10,PC6,2
LI10,SP6,2
LI10,ST36,2
LI10,TE17,2
LI4,PC6,2
LI4,SP6,2
LI4,ST36,2
LR3,YINTANG,2
PC6,TAIYANG,2
PC6,TE17,2
SISHENCONG,ST36,2
SP6,ST25,2
SP6,TE17,2
ST25,ST36,2
ST36,TE17,2
TAIYANG,YINTANG,2
ANMIAN,BL15,1
ANMIAN,BL18,1
ANMIAN,BL19,1
ANMIAN,BL20,1
ANMIAN,BL21,1
ANMIAN,BL23,1
ANMIAN,BL24,1
ANMIAN,BL26,1
ANMIAN,BL40,1
ANMIAN,BL57,1
ANMIAN,CV12,1
ANMIAN,CV4,1
ANMIAN,CV6,1
ANMIAN,EAR_HEART,1
ANMIAN,EAR_KIDNEY,1
ANMIAN,EAR_LIVER,1
ANMIAN,EAR_SPLEEN,1
ANMIAN,EAR_SUBCORTEX,1
ANMIAN,EAR_SYMPATHETIC,1
ANMIAN,GB20,1
ANMIAN,GB35,1
ANMIAN,GV14,1
ANMIAN,GV24,1
ANMIAN,GV4,1
ANMIAN,KI9,1
ANMIAN,ST25,1
ANMIAN,ST36,1
ANMIAN,TAIYANG,1
BG13,EX-HN1,1
BG13,GV20,1
BG13,GV24,1
BG13,HT7,1
BG13,PC6,1
BG13,SP6,1
BL10,BL11,1
BL10,BL12,1
BL10,BL13,1
BL10,BL14,1
BL10,BL15,1
BL10,BL16,1
BL10,BL17,1
BL10,BL18,1
BL10,BL19,1
BL10,BL2,1
BL10,BL20,1
BL10,BL21,1
BL10,BL22,1
BL10,BL23,1
BL10,BL24,1
BL10,BL25,1
BL10,BL26,1
BL10,BL27,1
BL10,BL28,1
BL10,BL29,1
BL10,BL3,1
BL10,BL30,1
BL10,BL31,1
BL10,BL32,1
BL10,BL33,1
BL10,BL34,1
BL10,BL35,1
BL10,BL36,1
BL10,BL37,1
BL10,BL38,1
BL10,BL39,1
BL10,BL4,1
BL10,BL40,1
BL10,BL41,1
BL10,BL42,1
BL10,BL43,1
BL10,BL44,1
BL10,BL45,1
BL10,BL46,1
BL10,BL47,1
BL10,BL48,1
BL10,BL49,1
BL10,BL5,1
BL10,BL50,1
BL10,BL51,1
BL10,BL52,1
BL10,BL53,1
BL10,BL54,1
BL10,BL55,1
BL10,BL56,1
BL10,BL57,1
BL10,BL58,1
BL10,BL59,1
BL10,BL6,1
BL10,BL60,1
BL10,BL61,1
BL10,BL62,1
BL10,BL63,1
BL10,BL64,1
BL10,BL65,1
BL10,BL66,1
BL10,BL67,1
BL10,BL7,1
BL10,BL8,1
BL10,BL9,1
BL10,GV1,1
BL10,GV10,1
BL10,GV11,1
BL10,GV12,1
BL10,GV13,1
BL10,GV14,1
BL10,GV15,1
BL10,GV16,1
BL10,GV17,1
BL10,GV18,1
BL10,GV19,1
BL10,GV2,1
BL10,GV20,1
BL10,GV21,1
BL10,GV22,1
BL10,GV23,1
BL10,GV24,1
BL10,GV25,1
BL10,GV26,1
BL10,GV27,1
BL10,GV28,1
BL10,GV3,1
BL10,GV4,1
BL10,GV5,1
BL10,GV6,1
BL10,GV7,1
BL10,GV8,1
BL10,GV9,1
BL11,BL12,1
BL11,BL13,1
BL11,BL14,1
BL11,BL15,1
BL11,BL16,1
BL11,BL17,1
BL11,BL18,1
BL11,BL19,1
BL11,BL2,1
BL11,BL20,1
BL11,BL21,1
BL11,BL22,1
BL11,BL23,1
BL11,BL24,1
BL11,BL25,1
BL11,BL26,1
BL11,BL27,1
BL11,BL28,1
BL11,BL29,1
BL11,BL3,1
BL11,BL30,1
BL11,BL31,1
BL11,BL32,1
BL11,BL33,1
BL11,BL34,1
BL11,BL35,1
BL11,BL36,1
BL11,BL37,1
BL11,BL38,1
BL11,BL39,1
BL11,BL4,1
BL11,BL40,1
BL11,BL41,1
BL11,BL42,1
BL11,BL43,1
BL11,BL44,1
BL11,BL45,1
BL11,BL46,1
BL11,BL47,1
BL11,BL48,1
BL11,BL49,1
BL11,BL5,1
BL11,BL50,1
BL11,BL51,1
BL11,BL52,1
BL11,BL53,1
BL11,BL54,1
BL11,BL55,1
BL11,BL56,1
BL11,BL57,1
BL11,BL58,1
BL11,BL59,1
BL11,BL6,1
BL11,BL60,1
BL11,BL61,1
BL11,BL62,1
BL11,BL63,1
BL11,BL64,1
BL11,BL65,1
BL11,BL66,1
BL11,BL67,1
BL11,BL7,1
BL11,BL8,1
BL11,BL9,1
BL11,GV1,1
BL11,GV10,1
BL11,GV11,1
BL11,GV12,1
BL11,GV13,1
BL11,GV14,1
BL11,GV15,1
BL11,GV16,1
BL11,GV17,1
BL11,GV18,1
BL11,GV19,1
BL11,GV2,1
BL11,GV20,1
BL11,GV21,1
BL11,GV22,1
BL11,GV23,1
BL11,GV24,1
BL11,GV25,1
BL11,GV26,1
BL11,GV27,1
BL11,GV28,1
BL11,GV3,1
BL11,GV4,1
BL11,GV5,1
BL11,GV6,1
BL11,GV7,1
BL11,GV8,1
BL11,GV9,1
BL12,BL13,1
BL12,BL14,1
BL12,BL15,1
BL12,BL16,1
BL12,BL17,1
BL12,BL18,1
BL12,BL19,1
BL12,BL2,1
BL12,BL20,1
BL12,BL21,1
BL12,BL22,1
BL12,BL23,1
BL12,BL24,1
BL12,BL25,1
BL12,BL26,1
BL12,BL27,1
BL12,BL28,1
BL12,BL29,1
BL12,BL3,1
BL12,BL30,1
BL12,BL31,1
BL12,BL32,1
BL12,BL33,1
BL12,BL34,1
BL12,BL35,1
BL12,BL36,1
BL12,BL37,1
BL12,BL38,1
BL12,BL39,1
BL12,BL4,1
BL12,BL40,1
BL12,BL41,1
BL12,BL42,1
BL12,BL43,1
BL12,BL44,1
BL12,BL45,1
BL12,BL46,1
BL12,BL47,1
BL12,BL48,1
BL12,BL49,1
BL12,BL5,1
BL12,BL50,1
BL12,BL51,1
BL12,BL52,1
BL12,BL53,1
BL12,BL54,1
BL12,BL55,1
BL12,BL56,1
BL12,BL57,1
BL12,BL58,1
BL12,BL59,1
BL12,BL6,1
BL12,BL60,1
BL12,BL61,1
BL12,BL62,1
BL12,BL63,1
BL12,BL64,1
BL12,BL65,1
BL12,BL66,1
BL12,BL67,1
BL12,BL7,1
BL12,BL8,1
BL12,BL9,1
BL12,GV1,1
BL12,GV10,1
BL12,GV11,1
BL12,GV12,1
BL12,GV13,1
BL12,GV14,1
BL12,GV15,1
BL12,GV16,1
BL12,GV17,1
BL12,GV18,1
BL12,GV19,1
BL12,GV2,1
BL12,GV20,1
BL12,GV21,1
BL12,GV22,1
BL12,GV23,1
BL12,GV24,1
BL12,GV25,1
BL12,GV26,1
BL12,GV27,1
BL12,GV28,1
BL12,GV3,1
BL12,GV4,1
BL12,GV5,1
BL12,GV6,1
BL12,GV7,1
BL12,GV8,1
BL12,GV9,1
BL13,BL14,1
BL13,BL16,1
BL13,BL17,1
BL13,BL19,1
BL13,BL2,1
BL13,BL21,1
BL13,BL22,1
BL13,BL25,1
BL13,BL27,1
BL13,BL28,1
BL13,BL29,1
BL13,BL3,1
BL13,BL30,1
BL13,BL31,1
BL13,BL32,1
BL13,BL33,1
BL13,BL34,1
BL13,BL35,1
BL13,BL36,1
BL13,BL37,1
BL13,BL38,1
BL13,BL39,1
BL13,BL4,1
BL13,BL40,1
BL13,BL41,1
BL13,BL42,1
BL13,BL43,1
BL13,BL44,1
BL13,BL45,1
BL13,BL46,1
BL13,BL47,1
BL13,BL48,1
BL13,BL49,1
BL13,BL5,1
BL13,BL50,1
BL13,BL51,1
BL13,BL52,1
BL13,BL53,1
BL13,BL54,1
BL13,BL55,1
BL13,BL56,1
BL13,BL57,1
BL13,BL58,1
BL13,BL59,1
BL13,BL6,1
BL13,BL60,1
BL13,BL61,1
BL13,BL63,1
BL13,BL64,1
BL13,BL65,1
BL13,BL66,1
BL13,BL67,1
BL13,BL7,1
BL13,BL8,1
BL13,BL9,1
BL13,GV1,1
BL13,GV10,1
BL13,GV11,1
BL13,GV12,1
BL13,GV13,1
BL13,GV14,1
BL13,GV15,1
BL13,GV16,1
BL13,GV17,1
BL13,GV18,1
BL13,GV19,1
BL13,GV2,1
BL13,GV21,1
BL13,GV22,1
BL13,GV23,1
BL13,GV24,1
BL13,GV25,1
BL13,GV26,1
BL13,GV27,1
BL13,GV28,1
BL13,GV3,1
BL13,GV4,1
BL13,GV5,1
BL13,GV6,1
BL13,GV7,1
BL13,GV8,1
BL13,GV9,1
BL13,HT7,1
BL13,KI6,1
BL13,PC6,1
BL13,SP6,1
BL13,ST25,1
BL13,YINTANG,1
BL14,BL15,1
BL14,BL16,1
BL14,BL17,1
BL14,BL18,1
BL14,BL19,1
BL14,BL2,1
BL14,BL20,1
BL14,BL21,1
BL14,BL22,1
BL14,BL23,1
BL14,BL24,1
BL14,BL25,1
BL14,BL26,1
BL14,BL27,1
BL14,BL28,1
BL14,BL29,1
BL14,BL3,1
BL14,BL30,1
BL14,BL31,1
BL14,BL32,1
BL14,BL33,1
BL14,BL34,1
BL14,BL35,1
BL14,BL36,1
BL14,BL37,1
BL14,BL38,1
BL14,BL39,1
BL14,BL4,1
BL14,BL40,1
BL14,BL41,1
BL14,BL42,1
BL14,BL43,1
BL14,BL44,1
BL14,BL45,1
BL14,BL46,1
BL14,BL47,1
BL14,BL48,1
BL14,BL49,1
BL14,BL5,1
BL14,BL50,1
BL14,BL51,1
BL14,BL52,1
BL14,BL53,1
BL14,BL54,1
BL14,BL55,1
BL14,BL56,1
BL14,BL57,1
BL14,BL58,1
BL14,BL59,1
BL14,BL6,1
BL14,BL60,1
BL14,BL61,1
BL14,BL62,1
BL14,BL63,1
BL14,BL64,1
BL14,BL65,1
BL14,BL66,1
BL14,BL67,1
BL14,BL7,1
BL14,BL8,1
BL14,BL9,1
BL14,GV1,1
BL14,GV10,1
BL14,GV11,1
BL14,GV12,1
BL14,GV13,1
BL14,GV14,1
BL14,GV15,1
BL14,GV16,1
BL14,GV17,1
BL14,GV18,1
BL14,GV19,1
BL14,GV2,1
BL14,GV20,1
BL14,GV21,1
BL14,GV22,1
BL14,GV23,1
BL14,GV24,1
BL14,GV25,1
BL14,GV26,1
BL14,GV27,1
BL14,GV28,1
BL14,GV3,1
BL14,GV4,1
BL14,GV5,1
BL14,GV6,1
BL14,GV7,1
BL14,GV8,1
BL14,GV9,1
BL15,BL16,1
BL15,BL17,1
BL15,BL2,1
BL15,BL22,1
BL15,BL25,1
BL15,BL27,1
BL15,BL28,1
BL15,BL29,1
BL15,BL3,1
BL15,BL30,1
BL15,BL31,1
BL15,BL32,1
BL15,BL33,1
BL15,BL34,1
BL15,BL35,1
BL15,BL36,1
BL15,BL37,1
BL15,BL38,1
BL15,BL39,1
BL15,BL4,1
BL15,BL41,1
BL15,BL42,1
BL15,BL43,1
BL15,BL44,1
BL15,BL45,1
BL15,BL46,1
BL15,BL47,1
BL15,BL48,1
BL15,BL49,1
BL15,BL5,1
BL15,BL50,1
BL15,BL51,1
BL15,BL52,1
BL15,BL53,1
BL15,BL54,1
BL15,BL55,1
BL15,BL56,1
BL15,BL58,1
BL15,BL59,1
BL15,BL6,1
BL15,BL60,1
BL15,BL61,1
BL15,BL63,1
BL15,BL64,1
BL15,BL65,1
BL15,BL66,1
BL15,BL67,1
BL15,BL7,1
BL15,BL8,1
BL15,BL9,1
BL15,CV14,1
BL15,CV15,1
BL15,CV17,1
BL15,CV24,1
BL15,EX-HN5,1
BL15,GV1,1
BL15,GV12,1
BL15,GV13,1
BL15,GV15,1
BL15,GV18,1
BL15,GV19,1
BL15,GV2,1
BL15,GV21,1
BL15,GV22,1
BL15,GV23,1
BL15,GV25,1
BL15,GV27,1
BL15,GV28,1
BL15,GV3,1
BL15,GV5,1
BL15,GV6,1
BL15,GV7,1
BL15,GV8,1
BL15,HT5,1
BL15,KI1,1
BL15,LR2,1
BL15,PC7,1
BL15,TE6,1
BL16,BL17,1
BL16,BL18,1
BL16,BL19,1
BL16,BL2,1
BL16,BL20,1
BL16,BL21,1
BL16,BL22,1
BL16,BL23,1
BL16,BL24,1
BL16,BL25,1
BL16,BL26,1
BL16,BL27,1
BL16,BL28,1
BL16,BL29,1
BL16,BL3,1
BL16,BL30,1
BL16,BL31,1
BL16,BL32,1
BL16,BL33,1
BL16,BL34,1
BL16,BL35,1
BL16,BL36,1
BL16,BL37,1
BL16,BL38,1
BL16,BL39,1
BL16,BL4,1
BL16,BL40,1
BL16,BL41,1
BL16,BL42,1
BL16,BL43,1
BL16,BL44,1
BL16,BL45,1
BL16,BL46,1
BL16,BL47,1
BL16,BL48,1
BL16,BL49,1
BL16,BL5,1
BL16,BL50,1
BL16,BL51,1
BL16,BL52,1
BL16,BL53,1
BL16,BL54,1
BL16,BL55,1
BL16,BL56,1
BL16,BL57,1
BL16,BL58,1
BL16,BL59,1
BL16,BL6,1
BL16,BL60,1
BL16,BL61,1
BL16,BL62,1
BL16,BL63,1
BL16,BL64,1
BL16,BL65,1
BL16,BL66,1
BL16,BL67,1
BL16,BL7,1
BL16,BL8,1
BL16,BL9,1
BL16,GV1,1
BL16,GV10,1
BL16,GV11,1
BL16,GV12,1
BL16,GV13,1
BL16,GV14,1
BL16,GV15,1
BL16,GV16,1
BL16,GV17,1
BL16,GV18,1
BL16,GV19,1
BL16,GV2,1
BL16,GV20,1
BL16,GV21,1
BL16,GV22,1
BL16,GV23,1
BL16,GV24,1
BL16,GV25,1
BL16,GV26,1
BL16,GV27,1
BL16,GV28,1
BL16,GV3,1
BL16,GV4,1
BL16,GV5,1
BL16,GV6,1
BL16,GV7,1
BL16,GV8,1
BL16,GV9,1
BL17,BL18,1
BL17,BL19,1
BL17,BL2,1
BL17,BL20,1
BL17,BL21,1
BL17,BL22,1
BL17,BL23,1
BL17,BL24,1
BL17,BL25,1
BL17,BL26,1
BL17,BL27,1
BL17,BL28,1
BL17,BL29,1
BL17,BL3,1
BL17,BL30,1
BL17,BL31,1
BL17,BL32,1
BL17,BL33,1
BL17,BL34,1
BL17,BL35,1
BL17,BL36,1
BL17,BL37,1
BL17,BL38,1
BL17,BL39,1
BL17,BL4,1
BL17,BL40,1
BL17,BL41,1
BL17,BL42,1
BL17,BL43,1
BL17,BL44,1
BL17,BL45,1
BL17,BL46,1
BL17,BL47,1
BL17,BL48,1
BL17,BL49,1
BL17,BL5,1
BL17,BL50,1
BL17,BL51,1
BL17,BL52,1
BL17,BL53,1
BL17,BL54,1
BL17,BL55,1
BL17,BL56,1
BL17,BL57,1
BL17,BL58,1
BL17,BL59,1
BL17,BL6,1
BL17,BL60,1
BL17,BL61,1
BL17,BL62,1
BL17,BL63,1
BL17,BL64,1
BL17,BL65,1
BL17,BL66,1
BL17,BL67,1
BL17,BL7,1
BL17,BL8,1
BL17,BL9,1
BL17,GV1,1
BL17,GV10,1
BL17,GV11,1
BL17,GV12,1
BL17,GV13,1
BL17,GV14,1
BL17,GV15,1
BL17,GV16,1
BL17,GV17,1
BL17,GV18,1
BL17,GV19,1
BL17,GV2,1
BL17,GV20,1
BL17,GV21,1
BL17,GV22,1
BL17,GV23,1
BL17,GV24,1
BL17,GV25,1
BL17,GV26,1
BL17,GV27,1
BL17,GV28,1
BL17,GV3,1
BL17,GV4,1
BL17,GV5,1
BL17,GV6,1
BL17,GV7,1
BL17,GV8,1
BL17,GV9,1
BL18,BL2,1
BL18,BL22,1
BL18,BL25,1
BL18,BL27,1
BL18,BL28,1
BL18,BL29,1
BL18,BL3,1
BL18,BL30,1
BL18,BL31,1
BL18,BL32,1
BL18,BL33,1
BL18,BL34,1
BL18,BL35,1
BL18,BL36,1
BL18,BL37,1
BL18,BL38,1
BL18,BL39,1
BL18,BL4,1
BL18,BL41,1
BL18,BL42,1
BL18,BL43,1
BL18,BL44,1
BL18,BL45,1
BL18,BL46,1
BL18,BL47,1
BL18,BL48,1
BL18,BL49,1
BL18,BL5,1
BL18,BL50,1
BL18,BL51,1
BL18,BL52,1
BL18,BL53,1
BL18,BL54,1
BL18,BL55,1
BL18,BL56,1
BL18,BL58,1
BL18,BL59,1
BL18,BL6,1
BL18,BL60,1
BL18,BL61,1
BL18,BL63,1
BL18,BL64,1
BL18,BL65,1
BL18,BL66,1
BL18,BL67,1
BL18,BL7,1
BL18,BL8,1
BL18,BL9,1
BL18,CV12,1
BL18,CV6,1
BL18,EX-HN1,1
BL18,EX-HN22,1
BL18,GB25,1
BL18,GB43,1
BL18,GV1,1
BL18,GV10,1
BL18,GV11,1
BL18,GV12,1
BL18,GV13,1
BL18,GV15,1
BL18,GV16,1
BL18,GV17,1
BL18,GV18,1
BL18,GV19,1
BL18,GV2,1
BL18,GV21,1
BL18,GV22,1
BL18,GV23,1
BL18,GV25,1
BL18,GV26,1
BL18,GV27,1
BL18,GV28,1
BL18,GV3,1
BL18,GV5,1
BL18,GV6,1
BL18,GV7,1
BL18,GV8,1
BL18,GV9,1
BL18,KI6,1
BL18,LI4,1
BL18,LR14,1
BL18,LR2,1
BL18,TE6,1
BL18,YINTANG,1
BL19,BL2,1
BL19,BL22,1
BL19,BL25,1
BL19,BL27,1
BL19,BL28,1
BL19,BL29,1
BL19,BL3,1
BL19,BL30,1
BL19,BL31,1
BL19,BL32,1
BL19,BL33,1
BL19,BL34,1
BL19,BL35,1
BL19,BL36,1
BL19,BL37,1
BL19,BL38,1
BL19,BL39,1
BL19,BL4,1
BL19,BL41,1
BL19,BL42,1
BL19,BL43,1
BL19,BL44,1
BL19,BL45,1
BL19,BL46,1
BL19,BL47,1
BL19,BL48,1
BL19,BL49,1
BL19,BL5,1
BL19,BL50,1
BL19,BL51,1
BL19,BL52,1
BL19,BL53,1
BL19,BL54,1
BL19,BL55,1
BL19,BL56,1
BL19,BL58,1
BL19,BL59,1
BL19,BL6,1
BL19,BL60,1
BL19,BL61,1
BL19,BL62,1
BL19,BL63,1
BL19,BL64,1
BL19,BL65,1
BL19,BL66,1
BL19,BL67,1
BL19,BL7,1
BL19,BL8,1
BL19,BL9,1
BL19,CV12,1
BL19,CV4,1
BL19,CV6,1
BL19,GV1,1
BL19,GV10,1
BL19,GV11,1
BL19,GV12,1
BL19,GV13,1
BL19,GV15,1
BL19,GV16,1
BL19,GV17,1
BL19,GV18,1
BL19,GV19,1
BL19,GV2,1
BL19,GV21,1
BL19,GV22,1
BL19,GV23,1
BL19,GV25,1
BL19,GV26,1
BL19,GV27,1
BL19,GV28,1
BL19,GV3,1
BL19,GV5,1
BL19,GV6,1
BL19,GV7,1
BL19,GV8,1
BL19,GV9,1
BL19,HT5,1
BL19,KI3,1
BL19,PC6,1
BL19,ST25,1
BL2,BL20,1
BL2,BL21,1
BL2,BL22,1
BL2,BL23,1
BL2,BL24,1
BL2,BL25,1
BL2,BL26,1
BL2,BL27,1
BL2,BL28,1
BL2,BL29,1
BL2,BL3,1
BL2,BL30,1
BL2,BL31,1
BL2,BL32,1
BL2,BL33,1
BL2,BL34,1
BL2,BL35,1
BL2,BL36,1
BL2,BL37,1
BL2,BL38,1
BL2,BL39,1
BL2,BL4,1
BL2,BL40,1
BL2,BL41,1
BL2,BL42,1
BL2,BL43,1
BL2,BL44,1
BL2,BL45,1
BL2,BL46,1
BL2,BL47,1
BL2,BL48,1
BL2,BL49,1
BL2,BL5,1
BL2,BL50,1
BL2,BL51,1
BL2,BL52,1
BL2,BL53,1
BL2,BL54,1
BL2,BL55,1
BL2,BL56,1
BL2,BL57,1
BL2,BL58,1
BL2,BL59,1
BL2,BL6,1
BL2,BL60,1
BL2,BL61,1
BL2,BL62,1
BL2,BL63,1
BL2,BL64,1
BL2,BL65,1
BL2,BL66,1
BL2,BL67,1
BL2,BL7,1
BL2,BL8,1
BL2,BL9,1
BL2,EAR_HEART,1
BL2,EAR_KIDNEY,1
BL2,EAR_SHENMEN,1
BL2,EAR_SPLEEN,1
BL2,EAR_SYMPATHETIC,1
BL2,GV1,1
BL2,GV10,1
BL2,GV11,1
BL2,GV12,1
BL2,GV13,1
BL2,GV14,1
BL2,GV15,1
BL2,GV16,1
BL2,GV17,1
BL2,GV18,1
BL2,GV19,1
BL2,GV2,1
BL2,GV21,1
BL2,GV22,1
BL2,GV23,1
BL2,GV24,1
BL2,GV25,1
BL2,GV26,1
BL2,GV27,1
BL2,GV28,1
BL2,GV3,1
BL2,GV4,1
BL2,GV5,1
BL2,GV6,1
BL2,GV7,1
BL2,GV8,1
BL2,GV9,1
BL20,BL22,1
BL20,BL25,1
BL20,BL27,1
BL20,BL28,1
BL20,BL29,1
BL20,BL3,1
BL20,BL30,1
BL20,BL31,1
BL20,BL32,1
BL20,BL33,1
BL20,BL34,1
BL20,BL35,1
BL20,BL36,1
BL20,BL37,1
BL20,BL38,1
BL20,BL39,1
BL20,BL4,1
BL20,BL41,1
BL20,BL42,1
BL20,BL43,1
BL20,BL44,1
BL20,BL45,1
BL20,BL46,1
BL20,BL47,1
BL20,BL48,1
BL20,BL49,1
BL20,BL5,1
BL20,BL50,1
BL20,BL51,1
BL20,BL52,1
BL20,BL53,1
BL20,BL54,1
BL20,BL55,1
BL20,BL56,1
BL20,BL58,1
BL20,BL59,1
BL20,BL6,1
BL20,BL60,1
BL20,BL61,1
BL20,BL63,1
BL20,BL64,1
BL20,BL65,1
BL20,BL66,1
BL20,BL67,1
BL20,BL7,1
BL20,BL8,1
BL20,BL9,1
BL20,CV12,1
BL20,CV6,1
BL20,EX-HN22,1
BL20,GB43,1
BL20,GV1,1
BL20,GV10,1
BL20,GV11,1
BL20,GV12,1
BL20,GV13,1
BL20,GV15,1
BL20,GV16,1
BL20,GV17,1
BL20,GV18,1
BL20,GV19,1
BL20,GV2,1
BL20,GV21,1
BL20,GV22,1
BL20,GV23,1
BL20,GV25,1
BL20,GV26,1
BL20,GV27,1
BL20,GV28,1
BL20,GV3,1
BL20,GV5,1
BL20,GV6,1
BL20,GV7,1
BL20,GV8,1
BL20,GV9,1
BL20,LR2,1
BL20,TE6,1
BL20,YINTANG,1
BL21,BL22,1
BL21,BL25,1
BL21,BL27,1
BL21,BL28,1
BL21,BL29,1
BL21,BL3,1
BL21,BL30,1
BL21,BL31,1
BL21,BL32,1
BL21,BL33,1
BL21,BL34,1
BL21,BL35,1
BL21,BL36,1
BL21,BL37,1
BL21,BL38,1
BL21,BL39,1
BL21,BL4,1
BL21,BL41,1
BL21,BL42,1
BL21,BL43,1
BL21,BL44,1
BL21,BL45,1
BL21,BL46,1
BL21,BL47,1
BL21,BL48,1
BL21,BL49,1
BL21,BL5,1
BL21,BL50,1
BL21,BL51,1
BL21,BL52,1
BL21,BL53,1
BL21,BL54,1
BL21,BL55,1
BL21,BL56,1
BL21,BL58,1
BL21,BL59,1
BL21,BL6,1
BL21,BL60,1
BL21,BL61,1
BL21,BL62,1
BL21,BL63,1
BL21,BL64,1
BL21,BL65,1
BL21,BL66,1
BL21,BL67,1
BL21,BL7,1
BL21,BL8,1
BL21,BL9,1
BL21,CV12,1
BL21,CV6,1
BL21,EX-HN1,1
BL21,GV1,1
BL21,GV10,1
BL21,GV11,1
BL21,GV12,1
BL21,GV13,1
BL21,GV15,1
BL21,GV16,1
BL21,GV17,1
BL21,GV18,1
BL21,GV19,1
BL21,GV2,1
BL21,GV21,1
BL21,GV22,1
BL21,GV23,1
BL21,GV25,1
BL21,GV26,1
BL21,GV27,1
BL21,GV28,1
BL21,GV3,1
BL21,GV5,1
BL21,GV6,1
BL21,GV7,1
BL21,GV8,1
BL21,GV9,1
BL21,KI3,1
BL21,PC6,1
BL21,ST25,1
BL22,BL23,1
BL22,BL24,1
BL22,BL25,1
BL22,BL26,1
BL22,BL27,1
BL22,BL28,1
BL22,BL29,1
BL22,BL3,1
BL22,BL30,1
BL22,BL31,1
BL22,BL32,1
BL22,BL33,1
BL22,BL34,1
BL22,BL35,1
BL22,BL36,1
BL22,BL37,1
BL22,BL38,1
BL22,BL39,1
BL22,BL4,1
BL22,BL40,1
BL22,BL41,1
BL22,BL42,1
BL22,BL43,1
BL22,BL44,1
BL22,BL45,1
BL22,BL46,1
BL22,BL47,1
BL22,BL48,1
BL22,BL49,1
BL22,BL5,1
BL22,BL50,1
BL22,BL51,1
BL22,BL52,1
BL22,BL53,1
BL22,BL54,1
BL22,BL55,1
BL22,BL56,1
BL22,BL57,1
BL22,BL58,1
BL22,BL59,1
BL22,BL6,1
BL22,BL60,1
BL22,BL61,1
BL22,BL62,1
BL22,BL63,1
BL22,BL64,1
BL22,BL65,1
BL22,BL66,1
BL22,BL67,1
BL22,BL7,1
BL22,BL8,1
BL22,BL9,1
BL22,GV1,1
BL22,GV10,1
BL22,GV11,1
BL22,GV12,1
BL22,GV13,1
BL22,GV14,1
BL22,GV15,1
BL22,GV16,1
BL22,GV17,1
BL22,GV18,1
BL22,GV19,1
BL22,GV2,1
BL22,GV20,1
BL22,GV21,1
BL22,GV22,1
BL22,GV23,1
BL22,GV24,1
BL22,GV25,1
BL22,GV26,1
BL22,GV27,1
BL22,GV28,1
BL22,GV3,1
BL22,GV4,1
BL22,GV5,1
BL22,GV6,1
BL22,GV7,1
BL22,GV8,1
BL22,GV9,1
BL23,BL25,1
BL23,BL27,1
BL23,BL28,1
BL23,BL29,1
BL23,BL3,1
BL23,BL30,1
BL23,BL31,1
BL23,BL32,1
BL23,BL33,1
BL23,BL34,1
BL23,BL35,1
BL23,BL36,1
BL23,BL37,1
BL23,BL38,1
BL23,BL39,1
BL23,BL4,1
BL23,BL41,1
BL23,BL42,1
BL23,BL43,1
BL23,BL44,1
BL23,BL45,1
BL23,BL46,1
BL23,BL47,1
BL23,BL48,1
BL23,BL49,1
BL23,BL5,1
BL23,BL50,1
BL23,BL51,1
BL23,BL52,1
BL23,BL53,1
BL23,BL54,1
BL23,BL55,1
BL23,BL56,1
BL23,BL58,1
BL23,BL59,1
BL23,BL6,1
BL23,BL61,1
BL23,BL63,1
BL23,BL64,1
BL23,BL65,1
BL23,BL66,1
BL23,BL67,1
BL23,BL7,1
BL23,BL8,1
BL23,BL9,1
BL23,CV14,1
BL23,CV15,1
BL23,CV17,1
BL23,CV24,1
BL23,EX-HN22,1
BL23,EX-HN3,1
BL23,GB25,1
BL23,GV1,1
BL23,GV12,1
BL23,GV13,1
BL23,GV15,1
BL23,GV18,1
BL23,GV19,1
BL23,GV2,1
BL23,GV21,1
BL23,GV22,1
BL23,GV23,1
BL23,GV25,1
BL23,GV27,1
BL23,GV28,1
BL23,GV3,1
BL23,GV5,1
BL23,GV6,1
BL23,GV7,1
BL23,GV8,1
BL23,KI1,1
BL23,LI4,1
BL23,LR14,1
BL23,LR2,1
BL23,PC7,1
BL23,SISHENCONG,1
BL23,TE6,1
BL24,BL25,1
BL24,BL27,1
BL24,BL28,1
BL24,BL29,1
BL24,BL3,1
BL24,BL30,1
BL24,BL31,1
BL24,BL32,1
BL24,BL33,1
BL24,BL34,1
BL24,BL35,1
BL24,BL36,1
BL24,BL37,1
BL24,BL38,1
BL24,BL39,1
BL24,BL4,1
BL24,BL41,1
BL24,BL42,1
BL24,BL43,1
BL24,BL44,1
BL24,BL45,1
BL24,BL46,1
BL24,BL47,1
BL24,BL48,1
BL24,BL49,1
BL24,BL5,1
BL24,BL50,1
BL24,BL51,1
BL24,BL52,1
BL24,BL53,1
BL24,BL54,1
BL24,BL55,1
BL24,BL56,1
BL24,BL58,1
BL24,BL59,1
BL24,BL6,1
BL24,BL60,1
BL24,BL61,1
BL24,BL63,1
BL24,BL64,1
BL24,BL65,1
BL24,BL66,1
BL24,BL67,1
BL24,BL7,1
BL24,BL8,1
BL24,BL9,1
BL24,CV12,1
BL24,CV4,1
BL24,CV6,1
BL24,GV1,1
BL24,GV10,1
BL24,GV11,1
BL24,GV12,1
BL24,GV13,1
BL24,GV15,1
BL24,GV16,1
BL24,GV17,1
BL24,GV18,1
BL24,GV19,1
BL24,GV2,1
BL24,GV21,1
BL24,GV22,1
BL24,GV23,1
BL24,GV25,1
BL24,GV26,1
BL24,GV27,1
BL24,GV28,1
BL24,GV3,1
BL24,GV5,1
BL24,GV6,1
BL24,GV7,1
BL24,GV8,1
BL24,GV9,1
BL24,KI6,1
BL24,LR3,1
BL24,ST36,1
BL24,YINTANG,1
BL25,BL26,1
BL25,BL27,1
BL25,BL28,1
BL25,BL29,1
BL25,BL3,1
BL25,BL30,1
BL25,BL31,1
BL25,BL32,1
BL25,BL33,1
BL25,BL34,1
BL25,BL35,1
BL25,BL36,1
BL25,BL37,1
BL25,BL38,1
BL25,BL39,1
BL25,BL4,1
BL25,BL40,1
BL25,BL41,1
BL25,BL42,1
BL25,BL43,1
BL25,BL44,1
BL25,BL45,1
BL25,BL46,1
BL25,BL47,1
BL25,BL48,1
BL25,BL49,1
BL25,BL5,1
BL25,BL50,1
BL25,BL51,1
BL25,BL52,1
BL25,BL53,1
BL25,BL54,1
BL25,BL55,1
BL25,BL56,1
BL25,BL57,1
BL25,BL58,1
BL25,BL59,1
BL25,BL6,1
BL25,BL60,1
BL25,BL61,1
BL25,BL62,1
BL25,BL63,1
BL25,BL64,1
BL25,BL65,1
BL25,BL66,1
BL25,BL67,1
BL25,BL7,1
BL25,BL8,1
BL25,BL9,1
BL25,GV1,1
BL25,GV10,1
BL25,GV11,1
BL25,GV12,1
BL25,GV13,1
BL25,GV14,1
BL25,GV15,1
BL25,GV16,1
BL25,GV17,1
BL25,GV18,1
BL25,GV19,1
BL25,GV2,1
BL25,GV20,1
BL25,GV21,1
BL25,GV22,1
BL25,GV23,1
BL25,GV24,1
BL25,GV25,1
BL25,GV26,1
BL25,GV27,1
BL25,GV28,1
BL25,GV3,1
BL25,GV4,1
BL25,GV5,1
BL25,GV6,1
BL25,GV7,1
BL25,GV8,1
BL25,GV9,1
BL26,BL27,1
BL26,BL28,1
BL26,BL29,1
BL26,BL3,1
BL26,BL30,1
BL26,BL31,1
BL26,BL32,1
BL26,BL33,1
BL26,BL34,1
BL26,BL35,1
BL26,BL36,1
BL26,BL37,1
BL26,BL38,1
BL26,BL39,1
BL26,BL4,1
BL26,BL41,1
BL26,BL42,1
BL26,BL43,1
BL26,BL44,1
BL26,BL45,1
BL26,BL46,1
BL26,BL47,1
BL26,BL48,1
BL26,BL49,1
BL26,BL5,1
BL26,BL50,1
BL26,BL51,1
BL26,BL52,1
BL26,BL53,1
BL26,BL54,1
BL26,BL55,1
BL26,BL56,1
BL26,BL58,1
BL26,BL59,1
BL26,BL6,1
BL26,BL60,1
BL26,BL61,1
BL26,BL63,1
BL26,BL64,1
BL26,BL65,1
BL26,BL66,1
BL26,BL67,1
BL26,BL7,1
BL26,BL8,1
BL26,BL9,1
BL26,CV12,1
BL26,CV4,1
BL26,CV6,1
BL26,GV1,1
BL26,GV10,1
BL26,GV11,1
BL26,GV12,1
BL26,GV13,1
BL26,GV15,1
BL26,GV16,1
BL26,GV17,1
BL26,GV18,1
BL26,GV19,1
BL26,GV2,1
BL26,GV21,1
BL26,GV22,1
BL26,GV23,1
BL26,GV25,1
BL26,GV26,1
BL26,GV27,1
BL26,GV28,1
BL26,GV3,1
BL26,GV5,1
BL26,GV6,1
BL26,GV7,1
BL26,GV8,1
BL26,GV9,1
BL26,KI6,1
BL26,LR3,1
BL26,ST36,1
BL26,YINTANG,1
BL27,BL28,1
BL27,BL29,1
BL27,BL3,1
BL27,BL30,1
BL27,BL31,1
BL27,BL32,1
BL27,BL33,1
BL27,BL34,1
BL27,BL35,1
BL27,BL36,1
BL27,BL37,1
BL27,BL38,1
BL27,BL39,1
BL27,BL4,1
BL27,BL40,1
BL27,BL41,1
BL27,BL42,1
BL27,BL43,1
BL27,BL44,1
BL27,BL45,1
BL27,BL46,1
BL27,BL47,1
BL27,BL48,1
BL27,BL49,1
BL27,BL5,1
BL27,BL50,1
BL27,BL51,1
BL27,BL52,1
BL27,BL53,1
BL27,BL54,1
BL27,BL55,1
BL27,BL56,1
BL27,BL57,1
BL27,BL58,1
BL27,BL59,1
BL27,BL6,1
BL27,BL60,1
BL27,BL61,1
BL27,BL62,1
BL27,BL63,1
BL27,BL64,1
BL27,BL65,1
BL27,BL66,1
BL27,BL67,1
BL27,BL7,1
BL27,BL8,1
BL27,BL9,1
BL27,GV1,1
BL27,GV10,1
BL27,GV11,1
BL27,GV12,1
BL27,GV13,1
BL27,GV14,1
BL27,GV15,1
BL27,GV16,1
BL27,GV17,1
BL27,GV18,1
BL27,GV19,1
BL27,GV2,1
BL27,GV20,1
BL27,GV21,1
BL27,GV22,1
BL27,GV23,1
BL27,GV24,1
BL27,GV25,1
BL27,GV26,1
BL27,GV27,1
BL27,GV28,1
BL27,GV3,1
BL27,GV4,1
BL27,GV5,1
BL27,GV6,1
BL27,GV7,1
BL27,GV8,1
BL27,GV9,1
BL28,BL29,1
BL28,BL3,1
BL28,BL30,1
BL28,BL31,1
BL28,BL32,1
BL28,BL33,1
BL28,BL34,1
BL28,BL35,1
BL28,BL36,1
BL28,BL37,1
BL28,BL38,1
BL28,BL39,1
BL28,BL4,1
BL28,BL40,1
BL28,BL41,1
BL28,BL42,1
BL28,BL43,1
BL28,BL44,1
BL28,BL45,1
BL28,BL46,1
BL28,BL47,1
BL28,BL48,1
BL28,BL49,1
BL28,BL5,1
BL28,BL50,1
BL28,BL51,1
BL28,BL52,1
BL28,BL53,1
BL28,BL54,1
BL28,BL55,1
BL28,BL56,1
BL28,BL57,1
BL28,BL58,1
BL28,BL59,1
BL28,BL6,1
BL28,BL60,1
BL28,BL61,1
BL28,BL62,1
BL28,BL63,1
BL28,BL64,1
BL28,BL65,1
BL28,BL66,1
BL28,BL67,1
BL28,BL7,1
BL28,BL8,1
BL28,BL9,1
BL28,GV1,1
BL28,GV10,1
BL28,GV11,1
BL28,GV12,1
BL28,GV13,1
BL28,GV14,1
BL28,GV15,1
BL28,GV16,1
BL28,GV17,1
BL28,GV18,1
BL28,GV19,1
BL28,GV2,1
BL28,GV20,1
BL28,GV21,1
BL28,GV22,1
BL28,GV23,1
BL28,GV24,1
BL28,GV25,1
BL28,GV26,1
BL28,GV27,1
BL28,GV28,1
BL28,GV3,1
BL28,GV4,1
BL28,GV5,1
BL28,GV6,1
BL28,GV7,1
BL28,GV8,1
BL28,GV9,1
BL29,BL3,1
BL29,BL30,1
BL29,BL31,1
BL29,BL32,1
BL29,BL33,1
BL29,BL34,1
BL29,BL35,1
BL29,BL36,1
BL29,BL37,1
BL29,BL38,1
BL29,BL39,1
BL29,BL4,1
BL29,BL40,1
BL29,BL41,1
BL29,BL42,1
BL29,BL43,1
BL29,BL44,1
BL29,BL45,1
BL29,BL46,1
BL29,BL47,1
BL29,BL48,1
BL29,BL49,1
BL29,BL5,1
BL29,BL50,1
BL29,BL51,1
BL29,BL52,1
BL29,BL53,1
BL29,BL54,1
BL29,BL55,1
BL29,BL56,1
BL29,BL57,1
BL29,BL58,1
BL29,BL59,1
BL29,BL6,1
BL29,BL60,1
BL29,BL61,1
BL29,BL62,1
BL29,BL63,1
BL29,BL64,1
BL29,BL65,1
BL29,BL66,1
BL29,BL67,1
BL29,BL7,1
BL29,BL8,1
BL29,BL9,1
BL29,GV1,1
BL29,GV10,1
BL29,GV11,1
BL29,GV12,1
BL29,GV13,1
BL29,GV14,1
BL29,GV15,1
BL29,GV16,1
BL29,GV17,1
BL29,GV18,1
BL29,GV19,1
BL29,GV2,1
BL29,GV20,1
BL29,GV21,1
BL29,GV22,1
BL29,GV23,1
BL29,GV24,1
BL29,GV25,1
BL29,GV26,1
BL29,GV27,1
BL29,GV28,1
BL29,GV3,1
BL29,GV4,1
BL29,GV5,1
BL29,GV6,1
BL29,GV7,1
BL29,GV8,1
BL29,GV9,1
BL3,BL30,1
BL3,BL31,1
BL3,BL32,1
BL3,BL33,1
BL3,BL34,1
BL3,BL35,1
BL3,BL36,1
BL3,BL37,1
BL3,BL38,1
BL3,BL39,1
BL3,BL4,1
BL3,BL40,1
BL3,BL41,1
BL3,BL42,1
BL3,BL43,1
BL3,BL44,1
BL3,BL45,1
BL3,BL46,1
BL3,BL47,1
BL3,BL48,1
BL3,BL49,1
BL3,BL5,1
BL3,BL50,1
BL3,BL51,1
BL3,BL52,1
BL3,BL53,1
BL3,BL54,1
BL3,BL55,1
BL3,BL56,1
BL3,BL57,1
BL3,BL58,1
BL3,BL59,1
BL3,BL6,1
BL3,BL60,1
BL3,BL61,1
BL3,BL62,1
BL3,BL63,1
BL3,BL64,1
BL3,BL65,1
BL3,BL66,1
BL3,BL67,1
BL3,BL7,1
BL3,BL8,1
BL3,BL9,1
BL3,GV1,1
BL3,GV10,1
BL3,GV11,1
BL3,GV12,1
BL3,GV13,1
BL3,GV14,1
BL3,GV15,1
BL3,GV16,1
BL3,GV17,1
BL3,GV18,1
BL3,GV19,1
BL3,GV2,1
BL3,GV20,1
BL3,GV21,1
BL3,GV22,1
BL3,GV23,1
BL3,GV24,1
BL3,GV25,1
BL3,GV26,1
BL3,GV27,1
BL3,GV28,1
BL3,GV3,1
BL3,GV4,1
BL3,GV5,1
BL3,GV6,1
BL3,GV7,1
BL3,GV8,1
BL3,GV9,1
BL30,BL31,1
BL30,BL32,1
BL30,BL33,1
BL30,BL34,1
BL30,BL35,1
BL30,BL36,1
BL30,BL37,1
BL30,BL38,1
BL30,BL39,1
BL30,BL4,1
BL30,BL40,1
BL30,BL41,1
BL30,BL42,1
BL30,BL43,1
BL30,BL44,1
BL30,BL45,1
BL30,BL46,1
BL30,BL47,1
BL30,BL48,1
BL30,BL49,1
BL30,BL5,1
BL30,BL50,1
BL30,BL51,1
BL30,BL52,1
BL30,BL53,1
BL30,BL54,1
BL30,BL55,1
BL30,BL56,1
BL30,BL57,1
BL30,BL58,1
BL30,BL59,1
BL30,BL6,1
BL30,BL60,1
BL30,BL61,1
BL30,BL62,1
BL30,BL63,1
BL30,BL64,1
BL30,BL65,1
BL30,BL66,1
BL30,BL67,1
BL30,BL7,1
BL30,BL8,1
BL30,BL9,1
BL30,GV1,1
BL30,GV10,1
BL30,GV11,1
BL30,GV12,1
BL30,GV13,1
BL30,GV14,1
BL30,GV15,1
BL30,GV16,1
BL30,GV17,1
BL30,GV18,1
BL30,GV19,1
BL30,GV2,1
BL30,GV20,1
BL30,GV21,1
BL30,GV22,1
BL30,GV23,1
BL30,GV24,1
BL30,GV25,1
BL30,GV26,1
BL30,GV27,1
BL30,GV28,1
BL30,GV3,1
BL30,GV4,1
BL30,GV5,1
BL30,GV6,1
BL30,GV7,1
BL30,GV8,1
BL30,GV9,1
BL31,BL32,1
BL31,BL33,1
BL31,BL34,1
BL31,BL35,1
BL31,BL36,1
BL31,BL37,1
BL31,BL38,1
BL31,BL39,1
BL31,BL4,1
BL31,BL40,1
BL31,BL41,1
BL31,BL42,1
BL31,BL43,1
BL31,BL44,1
BL31,BL45,1
BL31,BL46,1
BL31,BL47,1
BL31,BL48,1
BL31,BL49,1
BL31,BL5,1
BL31,BL50,1
BL31,BL51,1
BL31,BL52,1
BL31,BL53,1
BL31,BL54,1
BL31,BL55,1
BL31,BL56,1
BL31,BL57,1
BL31,BL58,1
BL31,BL59,1
BL31,BL6,1
BL31,BL60,1
BL31,BL61,1
BL31,BL62,1
BL31,BL63,1
BL31,BL64,1
BL31,BL65,1
BL31,BL66,1
BL31,BL67,1
BL31,BL7,1
BL31,BL8,1
BL31,BL9,1
BL31,GV1,1
BL31,GV10,1
BL31,GV11,1
BL31,GV12,1
BL31,GV13,1
BL31,GV14,1
BL31,GV15,1
BL31,GV16,1
BL31,GV17,1
BL31,GV18,1
BL31,GV19,1
BL31,GV2,1
BL31,GV20,1
BL31,GV21,1
BL31,GV22,1
BL31,GV23,1
BL31,GV24,1
BL31,GV25,1
BL31,GV26,1
BL31,GV27,1
BL31,GV28,1
BL31,GV3,1
BL31,GV4,1
BL31,GV5,1
BL31,GV6,1
BL31,GV7,1
BL31,GV8,1
BL31,GV9,1
BL32,BL33,1
BL32,BL34,1
BL32,BL35,1
BL32,BL36,1
BL32,BL37,1
BL32,BL38,1
BL32,BL39,1
BL32,BL4,1
BL32,BL40,1
BL32,BL41,1
BL32,BL42,1
BL32,BL43,1
BL32,BL44,1
BL32,BL45,1
BL32,BL46,1
BL32,BL47,1
BL32,BL48,1
BL32,BL49,1
BL32,BL5,1
BL32,BL50,1
BL32,BL51,1
BL32,BL52,1
BL32,BL53,1
BL32,BL54,1
BL32,BL55,1
BL32,BL56,1
BL32,BL57,1
BL32,BL58,1
BL32,BL59,1
BL32,BL6,1
BL32,BL60,1
BL32,BL61,1
BL32,BL62,1
BL32,BL63,1
BL32,BL64,1
BL32,BL65,1
BL32,BL66,1
BL32,BL67,1
BL32,BL7,1
BL32,BL8,1
BL32,BL9,1
BL32,GV1,1
BL32,GV10,1
BL32,GV11,1
BL32,GV12,1
BL32,GV13,1
BL32,GV14,1
BL32,GV15,1
BL32,GV16,1
BL32,GV17,1
BL32,GV18,1
BL32,GV19,1
BL32,GV2,1
BL32,GV20,1
BL32,GV21,1
BL32,GV22,1
BL32,GV23,1
BL32,GV24,1
BL32,GV25,1
BL32,GV26,1
BL32,GV27,1
BL32,GV28,1
BL32,GV3,1
BL32,GV4,1
BL32,GV5,1
BL32,GV6,1
BL32,GV7,1
BL32,GV8,1
BL32,GV9,1
BL33,BL34,1
BL33,BL35,1
BL33,BL36,1
BL33,BL37,1
BL33,BL38,1
BL33,BL39,1
BL33,BL4,1
BL33,BL40,1
BL33,BL41,1
BL33,BL42,1
BL33,BL43,1
BL33,BL44,1
BL33,BL45,1
BL33,BL46,1
BL33,BL47,1
BL33,BL48,1
BL33,BL49,1
BL33,BL5,1
BL33,BL50,1
BL33,BL51,1
BL33,BL52,1
BL33,BL53,1
BL33,BL54,1
BL33,BL55,1
BL33,BL56,1
BL33,BL57,1
BL33,BL58,1
BL33,BL59,1
BL33,BL6,1
BL33,BL60,1
BL33,BL61,1
BL33,BL62,1
BL33,BL63,1
BL33,BL64,1
BL33,BL65,1
BL33,BL66,1
BL33,BL67,1
BL33,BL7,1
BL33,BL8,1
BL33,BL9,1
BL33,GV1,1
BL33,GV10,1
BL33,GV11,1
BL33,GV12,1
BL33,GV13,1
BL33,GV14,1
BL33,GV15,1
BL33,GV16,1
BL33,GV17,1
BL33,GV18,1
BL33,GV19,1
BL33,GV2,1
BL33,GV20,1
BL33,GV21,1
BL33,GV22,1
BL33,GV23,1
BL33,GV24,1
BL33,GV25,1
BL33,GV26,1
BL33,GV27,1
BL33,GV28,1
BL33,GV3,1
BL33,GV4,1
BL33,GV5,1
BL33,GV6,1
BL33,GV7,1
BL33,GV8,1
BL33,GV9,1
BL34,BL35,1
BL34,BL36,1
BL34,BL37,1
BL34,BL38,1
BL34,BL39,1
BL34,BL4,1
BL34,BL40,1
BL34,BL41,1
BL34,BL42,1
BL34,BL43,1
BL34,BL44,1
BL34,BL45,1
BL34,BL46,1
BL34,BL47,1
BL34,BL48,1
BL34,BL49,1
BL34,BL5,1
BL34,BL50,1
BL34,BL51,1
BL34,BL52,1
BL34,BL53,1
BL34,BL54,1
BL34,BL55,1
BL34,BL56,1
BL34,BL57,1
BL34,BL58,1
BL34,BL59,1
BL34,BL6,1
BL34,BL60,1
BL34,BL61,1
BL34,BL62,1
BL34,BL63,1
BL34,BL64,1
BL34,BL65,1
BL34,BL66,1
BL34,BL67,1
BL34,BL7,1
BL34,BL8,1
BL34,BL9,1
BL34,GV1,1
BL34,GV10,1
BL34,GV11,1
BL34,GV12,1
BL34,GV13,1
BL34,GV14,1
BL34,GV15,1
BL34,GV16,1
BL34,GV17,1
BL34,GV18,1
BL34,GV19,1
BL34,GV2,1
BL34,GV20,1
BL34,GV21,1
BL34,GV22,1
BL34,GV23,1
BL34,GV24,1
BL34,GV25,1
BL34,GV26,1
BL34,GV27,1
BL34,GV28,1
BL34,GV3,1
BL34,GV4,1
BL34,GV5,1
BL34,GV6,1
BL34,GV7,1
BL34,GV8,1
BL34,GV9,1
BL35,BL36,1
BL35,BL37,1
BL35,BL38,1
BL35,BL39,1
BL35,BL4,1
BL35,BL40,1
BL35,BL41,1
BL35,BL42,1
BL35,BL43,1
BL35,BL44,1
BL35,BL45,1
BL35,BL46,1
BL35,BL47,1
BL35,BL48,1
BL35,BL49,1
BL35,BL5,1
BL35,BL50,1
BL35,BL51,1
BL35,BL52,1
BL35,BL53,1
BL35,BL54,1
BL35,BL55,1
BL35,BL56,1
BL35,BL57,1
BL35,BL58,1
BL35,BL59,1
BL35,BL6,1
BL35,BL60,1
BL35,BL61,1
BL35,BL62,1
BL35,BL63,1
BL35,BL64,1
BL35,BL65,1
BL35,BL66,1
BL35,BL67,1
BL35,BL7,1
BL35,BL8,1
BL35,BL9,1
BL35,GV1,1
BL35,GV10,1
BL35,GV11,1
BL35,GV12,1
BL35,GV13,1
BL35,GV14,1
BL35,GV15,1
BL35,GV16,1
BL35,GV17,1
BL35,GV18,1
BL35,GV19,1
BL35,GV2,1
BL35,GV20,1
BL35,GV21,1
BL35,GV22,1
BL35,GV23,1
BL35,GV24,1
BL35,GV25,1
BL35,GV26,1
BL35,GV27,1
BL35,GV28,1
BL35,GV3,1
BL35,GV4,1
BL35,GV5,1
BL35,GV6,1
BL35,GV7,1
BL35,GV8,1
BL35,GV9,1
BL36,BL37,1
BL36,BL38,1
BL36,BL39,1
BL36,BL4,1
BL36,BL40,1
BL36,BL41,1
BL36,BL42,1
BL36,BL43,1
BL36,BL44,1
BL36,BL45,1
BL36,BL46,1
BL36,BL47,1
BL36,BL48,1
BL36,BL49,1
BL36,BL5,1
BL36,BL50,1
BL36,BL51,1
BL36,BL52,1
BL36,BL53,1
BL36,BL54,1
BL36,BL55,1
BL36,BL56,1
BL36,BL57,1
BL36,BL58,1
BL36,BL59,1
BL36,BL6,1
BL36,BL60,1
BL36,BL61,1
BL36,BL62,1
BL36,BL63,1
BL36,BL64,1
BL36,BL65,1
BL36,BL66,1
BL36,BL67,1
BL36,BL7,1
BL36,BL8,1
BL36,BL9,1
BL36,GV1,1
BL36,GV10,1
BL36,GV11,1
BL36,GV12,1
BL36,GV13,1
BL36,GV14,1
BL36,GV15,1
BL36,GV16,1
BL36,GV17,1
BL36,GV18,1
BL36,GV19,1
BL36,GV2,1
BL36,GV20,1
BL36,GV21,1
BL36,GV22,1
BL36,GV23,1
BL36,GV24,1
BL36,GV25,1
BL36,GV26,1
BL36,GV27,1
BL36,GV28,1
BL36,GV3,1
BL36,GV4,1
BL36,GV5,1
BL36,GV6,1
BL36,GV7,1
BL36,GV8,1
BL36,GV9,1
BL37,BL38,1
BL37,BL39,1
BL37,BL4,1
BL37,BL40,1
BL37,BL41,1
BL37,BL42,1
BL37,BL43,1
BL37,BL44,1
BL37,BL45,1
BL37,BL46,1
BL37,BL47,1
BL37,BL48,1
BL37,BL49,1
BL37,BL5,1
BL37,BL50,1
BL37,BL51,1
BL37,BL52,1
BL37,BL53,1
BL37,BL54,1
BL37,BL55,1
BL37,BL56,1
BL37,BL57,1
BL37,BL58,1
BL37,BL59,1
BL37,BL6,1
BL37,BL60,1
BL37,BL61,1
BL37,BL62,1
BL37,BL63,1
BL37,BL64,1
BL37,BL65,1
BL37,BL66,1
BL37,BL67,1
BL37,BL7,1
BL37,BL8,1
BL37,BL9,1
BL37,GV1,1
BL37,GV10,1
BL37,GV11,1
BL37,GV12,1
BL37,GV13,1
BL37,GV14,1
BL37,GV15,1
BL37,GV16,1
BL37,GV17,1
BL37,GV18,1
BL37,GV19,1
BL37,GV2,1
BL37,GV20,1
BL37,GV21,1
BL37,GV22,1
BL37,GV23,1
BL37,GV24,1
BL37,GV25,1
BL37,GV26,1
BL37,GV27,1
BL37,GV28,1
BL37,GV3,1
BL37,GV4,1
BL37,GV5,1
BL37,GV6,1
BL37,GV7,1
BL37,GV8,1
BL37,GV9,1
BL38,BL39,1
BL38,BL4,1
BL38,BL40,1
BL38,BL41,1
BL38,BL42,1
BL38,BL43,1
BL38,BL44,1
BL38,BL45,1
BL38,BL46,1
BL38,BL47,1
BL38,BL48,1
BL38,BL49,1
BL38,BL5,1
BL38,BL50,1
BL38,BL51,1
BL38,BL52,1
BL38,BL53,1
BL38,BL54,1
BL38,BL55,1
BL38,BL56,1
BL38,BL57,1
BL38,BL58,1
BL38,BL59,1
BL38,BL6,1
BL38,BL60,1
BL38,BL61,1
BL38,BL62,1
BL38,BL63,1
BL38,BL64,1
BL38,BL65,1
BL38,BL66,1
BL38,BL67,1
BL38,BL7,1
BL38,BL8,1
BL38,BL9,1
BL38,GV1,1
BL38,GV10,1
BL38,GV11,1
BL38,GV12,1
BL38,GV13,1
BL38,GV14,1
BL38,GV15,1
BL38,GV16,1
BL38,GV17,1
BL38,GV18,1
BL38,GV19,1
BL38,GV2,1
BL38,GV20,1
BL38,GV21,1
BL38,GV22,1
BL38,GV23,1
BL38,GV24,1
BL38,GV25,1
BL38,GV26,1
BL38,GV27,1
BL38,GV28,1
BL38,GV3,1
BL38,GV4,1
BL38,GV5,1
BL38,GV6,1
BL38,GV7,1
BL38,GV8,1
BL38,GV9,1
BL39,BL4,1
BL39,BL40,1
BL39,BL41,1
BL39,BL42,1
BL39,BL43,1
BL39,BL44,1
BL39,BL45,1
BL39,BL46,1
BL39,BL47,1
BL39,BL48,1
BL39,BL49,1
BL39,BL5,1
BL39,BL50,1
BL39,BL51,1
BL39,BL52,1
BL39,BL53,1
BL39,BL54,1
BL39,BL55,1
BL39,BL56,1
BL39,BL57,1
BL39,BL58,1
BL39,BL59,1
BL39,BL6,1
BL39,BL60,1
BL39,BL61,1
BL39,BL62,1
BL39,BL63,1
BL39,BL64,1
BL39,BL65,1
BL39,BL66,1
BL39,BL67,1
BL39,BL7,1
BL39,BL8,1
BL39,BL9,1
BL39,GV1,1
BL39,GV10,1
BL39,GV11,1
BL39,GV12,1
BL39,GV13,1
BL39,GV14,1
BL39,GV15,1
BL39,GV16,1
BL39,GV17,1
BL39,GV18,1
BL39,GV19,1
BL39,GV2,1
BL39,GV20,1
BL39,GV21,1
BL39,GV22,1
BL39,GV23,1
BL39,GV24,1
BL39,GV25,1
BL39,GV26,1
BL39,GV27,1
BL39,GV28,1
BL39,GV3,1
BL39,GV4,1
BL39,GV5,1
BL39,GV6,1
BL39,GV7,1
BL39,GV8,1
BL39,GV9,1
BL4,BL40,1
BL4,BL41,1
BL4,BL42,1
BL4,BL43,1
BL4,BL44,1
BL4,BL45,1
BL4,BL46,1
BL4,BL47,1
BL4,BL48,1
BL4,BL49,1
BL4,BL5,1
BL4,BL50,1
BL4,BL51,1
BL4,BL52,1
BL4,BL53,1
BL4,BL54,1
BL4,BL55,1
BL4,BL56,1
BL4,BL57,1
BL4,BL58,1
BL4,BL59,1
BL4,BL6,1
BL4,BL60,1
BL4,BL61,1
BL4,BL62,1
BL4,BL63,1
BL4,BL64,1
BL4,BL65,1
BL4,BL66,1
BL4,BL67,1
BL4,BL7,1
BL4,BL8,1
BL4,BL9,1
BL4,GV1,1
BL4,GV10,1
BL4,GV11,1
BL4,GV12,1
BL4,GV13,1
BL4,GV14,1
BL4,GV15,1
BL4,GV16,1
BL4,GV17,1
BL4,GV18,1
BL4,GV19,1
BL4,GV2,1
BL4,GV20,1
BL4,GV21,1
BL4,GV22,1
BL4,GV23,1
BL4,GV24,1
BL4,GV25,1
BL4,GV26,1
BL4,GV27,1
BL4,GV28,1
BL4,GV3,1
BL4,GV4,1
BL4,GV5,1
BL4,GV6,1
BL4,GV7,1
BL4,GV8,1
BL4,GV9,1
BL40,BL41,1
BL40,BL42,1
BL40,BL43,1
BL40,BL44,1
BL40,BL45,1
BL40,BL46,1
BL40,BL47,1
BL40,BL48,1
BL40,BL49,1
BL40,BL5,1
BL40,BL50,1
BL40,BL51,1
BL40,BL52,1
BL40,BL53,1
BL40,BL54,1
BL40,BL55,1
BL40,BL56,1
BL40,BL58,1
BL40,BL59,1
BL40,BL6,1
BL40,BL60,1
BL40,BL61,1
BL40,BL62,1
BL40,BL63,1
BL40,BL64,1
BL40,BL65,1
BL40,BL66,1
BL40,BL67,1
BL40,BL7,1
BL40,BL8,1
BL40,BL9,1
BL40,CV12,1
BL40,CV4,1
BL40,CV6,1
BL40,GV1,1
BL40,GV10,1
BL40,GV11,1
BL40,GV12,1
BL40,GV13,1
BL40,GV15,1
BL40,GV16,1
BL40,GV17,1
BL40,GV18,1
BL40,GV19,1
BL40,GV2,1
BL40,GV21,1
BL40,GV22,1
BL40,GV23,1
BL40,GV25,1
BL40,GV26,1
BL40,GV27,1
BL40,GV28,1
BL40,GV3,1
BL40,GV5,1
BL40,GV6,1
BL40,GV7,1
BL40,GV8,1
BL40,GV9,1
BL40,HT7,1
BL40,LR3,1
BL40,PC6,1
BL40,SP6,1
BL40,ST25,1
BL40,ST36,1
BL41,BL42,1
BL41,BL43,1
BL41,BL44,1
BL41,BL45,1
BL41,BL46,1
BL41,BL47,1
BL41,BL48,1
BL41,BL49,1
BL41,BL5,1
BL41,BL50,1
BL41,BL51,1
BL41,BL52,1
BL41,BL53,1
BL41,BL54,1
BL41,BL55,1
BL41,BL56,1
BL41,BL57,1
BL41,BL58,1
BL41,BL59,1
BL41,BL6,1
BL41,BL60,1
BL41,BL61,1
BL41,BL62,1
BL41,BL63,1
BL41,BL64,1
BL41,BL65,1
BL41,BL66,1
BL41,BL67,1
BL41,BL7,1
BL41,BL8,1
BL41,BL9,1
BL41,GV1,1
BL41,GV10,1
BL41,GV11,1
BL41,GV12,1
BL41,GV13,1
BL41,GV14,1
BL41,GV15,1
BL41,GV16,1
BL41,GV17,1
BL41,GV18,1
BL41,GV19,1
BL41,GV2,1
BL41,GV20,1
BL41,GV21,1
BL41,GV22,1
BL41,GV23,1
BL41,GV24,1
BL41,GV25,1
BL41,GV26,1
BL41,GV27,1
BL41,GV28,1
BL41,GV3,1
BL41,GV4,1
BL41,GV5,1
BL41,GV6,1
BL41,GV7,1
BL41,GV8,1
BL41,GV9,1
BL42,BL43,1
BL42,BL44,1
BL42,BL45,1
BL42,BL46,1
BL42,BL47,1
BL42,BL48,1
BL42,BL49,1
BL42,BL5,1
BL42,BL50,1
BL42,BL51,1
BL42,BL52,1
BL42,BL53,1
BL42,BL54,1
BL42,BL55,1
BL42,BL56,1
BL42,BL57,1
BL42,BL58,1
BL42,BL59,1
BL42,BL6,1
BL42,BL60,1
BL42,BL61,1
BL42,BL62,1
BL42,BL63,1
BL42,BL64,1
BL42,BL65,1
BL42,BL66,1
BL42,BL67,1
BL42,BL7,1
BL42,BL8,1
BL42,BL9,1
BL42,GV1,1
BL42,GV10,1
BL42,GV11,1
BL42,GV12,1
BL42,GV13,1
BL42,GV14,1
BL42,GV15,1
BL42,GV16,1
BL42,GV17,1
BL42,GV18,1
BL42,GV19,1
BL42,GV2,1
BL42,GV20,1
BL42,GV21,1
BL42,GV22,1
BL42,GV23,1
BL42,GV24,1
BL42,GV25,1
BL42,GV26,1
BL42,GV27,1
BL42,GV28,1
BL42,GV3,1
BL42,GV4,1
BL42,GV5,1
BL42,GV6,1
BL42,GV7,1
BL42,GV8,1
BL42,GV9,1
BL43,BL44,1
BL43,BL45,1
BL43,BL46,1
BL43,BL47,1
BL43,BL48,1
BL43,BL49,1
BL43,BL5,1
BL43,BL50,1
BL43,BL51,1
BL43,BL52,1
BL43,BL53,1
BL43,BL54,1
BL43,BL55,1
BL43,BL56,1
BL43,BL57,1
BL43,BL58,1
BL43,BL59,1
BL43,BL6,1
BL43,BL60,1
BL43,BL61,1
BL43,BL62,1
BL43,BL63,1
BL43,BL64,1
BL43,BL65,1
BL43,BL66,1
BL43,BL67,1
BL43,BL7,1
BL43,BL8,1
BL43,BL9,1
BL43,GV1,1
BL43,GV10,1
BL43,GV11,1
BL43,GV12,1
BL43,GV13,1
BL43,GV14,1
BL43,GV15,1
BL43,GV16,1
BL43,GV17,1
BL43,GV18,1
BL43,GV19,1
BL43,GV2,1
BL43,GV20,1
BL43,GV21,1
BL43,GV22,1
BL43,GV23,1
BL43,GV24,1
BL43,GV25,1
BL43,GV26,1
BL43,GV27,1
BL43,GV28,1
BL43,GV3,1
BL43,GV4,1
BL43,GV5,1
BL43,GV6,1
BL43,GV7,1
BL43,GV8,1
BL43,GV9,1
BL44,BL45,1
BL44,BL46,1
BL44,BL47,1
BL44,BL48,1
BL44,BL49,1
BL44,BL5,1
BL44,BL50,1
BL44,BL51,1
BL44,BL52,1
BL44,BL53,1
BL44,BL54,1
BL44,BL55,1
BL44,BL56,1
BL44,BL57,1
BL44,BL58,1
BL44,BL59,1
BL44,BL6,1
BL44,BL60,1
BL44,BL61,1
BL44,BL62,1
BL44,BL63,1
BL44,BL64,1
BL44,BL65,1
BL44,BL66,1
BL44,BL67,1
BL44,BL7,1
BL44,BL8,1
BL44,BL9,1
BL44,GV1,1
BL44,GV10,1
BL44,GV11,1
BL44,GV12,1
BL44,GV13,1
BL44,GV14,1
BL44,GV15,1
BL44,GV16,1
BL44,GV17,1
BL44,GV18,1
BL44,GV19,1
BL44,GV2,1
BL44,GV20,1
BL44,GV21,1
BL44,GV22,1
BL44,GV23,1
BL44,GV24,1
BL44,GV25,1
BL44,GV26,1
BL44,GV27,1
BL44,GV28,1
BL44,GV3,1
BL44,GV4,1
BL44,GV5,1
BL44,GV6,1
BL44,GV7,1
BL44,GV8,1
BL44,GV9,1
BL45,BL46,1
BL45,BL47,1
BL45,BL48,1
BL45,BL49,1
BL45,BL5,1
BL45,BL50,1
BL45,BL51,1
BL45,BL52,1
BL45,BL53,1
BL45,BL54,1
BL45,BL55,1
BL45,BL56,1
BL45,BL57,1
BL45,BL58,1
BL45,BL59,1
BL45,BL6,1
BL45,BL60,1
BL45,BL61,1
BL45,BL62,1
BL45,BL63,1
BL45,BL64,1
BL45,BL65,1
BL45,BL66,1
BL45,BL67,1
BL45,BL7,1
BL45,BL8,1
BL45,BL9,1
BL45,GV1,1
BL45,GV10,1
BL45,GV11,1
BL45,GV12,1
BL45,GV13,1
BL45,GV14,1
BL45,GV15,1
BL45,GV16,1
BL45,GV17,1
BL45,GV18,1
BL45,GV19,1
BL45,GV2,1
BL45,GV20,1
BL45,GV21,1
BL45,GV22,1
BL45,GV23,1
BL45,GV24,1
BL45,GV25,1
BL45,GV26,1
BL45,GV27,1
BL45,GV28,1
BL45,GV3,1
BL45,GV4,1
BL45,GV5,1
BL45,GV6,1
BL45,GV7,1
BL45,GV8,1
BL45,GV9,1
BL46,BL47,1
BL46,BL48,1
BL46,BL49,1
BL46,BL5,1
BL46,BL50,1
BL46,BL51,1
BL46,BL52,1
BL46,BL53,1
BL46,BL54,1
BL46,BL55,1
BL46,BL56,1
BL46,BL57,1
BL46,BL58,1
BL46,BL59,1
BL46,BL6,1
BL46,BL60,1
BL46,BL61,1
BL46,BL62,1
BL46,BL63,1
BL46,BL64,1
BL46,BL65,1
BL46,BL66,1
BL46,BL67,1
BL46,BL7,1
BL46,BL8,1
BL46,BL9,1
BL46,GV1,1
BL46,GV10,1
BL46,GV11,1
BL46,GV12,1
BL46,GV13,1
BL46,GV14,1
BL46,GV15,1
BL46,GV16,1
BL46,GV17,1
BL46,GV18,1
BL46,GV19,1
BL46,GV2,1
BL46,GV20,1
BL46,GV21,1
BL46,GV22,1
BL46,GV23,1
BL46,GV24,1
BL46,GV25,1
BL46,GV26,1
BL46,GV27,1
BL46,GV28,1
BL46,GV3,1
BL46,GV4,1
BL46,GV5,1
BL46,GV6,1
BL46,GV7,1
BL46,GV8,1
BL46,GV9,1
BL47,BL48,1
BL47,BL49,1
BL47,BL5,1
BL47,BL50,1
BL47,BL51,1
BL47,BL52,1
BL47,BL53,1
BL47,BL54,1
BL47,BL55,1
BL47,BL56,1
BL47,BL57,1
BL47,BL58,1
BL47,BL59,1
BL47,BL6,1
BL47,BL60,1
BL47,BL61,1
BL47,BL62,1
BL47,BL63,1
BL47,BL64,1
BL47,BL65,1
BL47,BL66,1
BL47,BL67,1
BL47,BL7,1
BL47,BL8,1
BL47,BL9,1
BL47,GV1,1
BL47,GV10,1
BL47,GV11,1
BL47,GV12,1
BL47,GV13,1
BL47,GV14,1
BL47,GV15,1
BL47,GV16,1
BL47,GV17,1
BL47,GV18,1
BL47,GV19,1
BL47,GV2,1
BL47,GV20,1
BL47,GV21,1
BL47,GV22,1
BL47,GV23,1
BL47,GV24,1
BL47,GV25,1
BL47,GV26,1
BL47,GV27,1
BL47,GV28,1
BL47,GV3,1
BL47,GV4,1
BL47,GV5,1
BL47,GV6,1
BL47,GV7,1
BL47,GV8,1
BL47,GV9,1
BL48,BL49,1
BL48,BL5,1
BL48,BL50,1
BL48,BL51,1
BL48,BL52,1
BL48,BL53,1
BL48,BL54,1
BL48,BL55,1
BL48,BL56,1
BL48,BL57,1
BL48,BL58,1
BL48,BL59,1
BL48,BL6,1
BL48,BL60,1
BL48,BL61,1
BL48,BL62,1
BL48,BL63,1
BL48,BL64,1
BL48,BL65,1
BL48,BL66,1
BL48,BL67,1
BL48,BL7,1
BL48,BL8,1
BL48,BL9,1
BL48,GV1,1
BL48,GV10,1
BL48,GV11,1
BL48,GV12,1
BL48,GV13,1
BL48,GV14,1
BL48,GV15,1
BL48,GV16,1
BL48,GV17,1
BL48,GV18,1
BL48,GV19,1
BL48,GV2,1
BL48,GV20,1
BL48,GV21,1
BL48,GV22,1
BL48,GV23,1
BL48,GV24,1
BL48,GV25,1
BL48,GV26,1
BL48,GV27,1
BL48,GV28,1
BL48,GV3,1
BL48,GV4,1
BL48,GV5,1
BL48,GV6,1
BL48,GV7,1
BL48,GV8,1
BL48,GV9,1
BL49,BL5,1
BL49,BL50,1
BL49,BL51,1
BL49,BL52,1
BL49,BL53,1
BL49,BL54,1
BL49,BL55,1
BL49,BL56,1
BL49,BL57,1
BL49,BL58,1
BL49,BL59,1
BL49,BL6,1
BL49,BL60,1
BL49,BL61,1
BL49,BL62,1
BL49,BL63,1
BL49,BL64,1
BL49,BL65,1
BL49,BL66,1
BL49,BL67,1
BL49,BL7,1
BL49,BL8,1
BL49,BL9,1
BL49,GV1,1
BL49,GV10,1
BL49,GV11,1
BL49,GV12,1
BL49,GV13,1
BL49,GV14,1
BL49,GV15,1
BL49,GV16,1
BL49,GV17,1
BL49,GV18,1
BL49,GV19,1
BL49,GV2,1
BL49,GV20,1
BL49,GV21,1
BL49,GV22,1
BL49,GV23,1
BL49,GV24,1
BL49,GV25,1
BL49,GV26,1
BL49,GV27,1
BL49,GV28,1
BL49,GV3,1
BL49,GV4,1
BL49,GV5,1
BL49,GV6,1
BL49,GV7,1
BL49,GV8,1
BL49,GV9,1
BL5,BL50,1
BL5,BL51,1
BL5,BL52,1
BL5,BL53,1
BL5,BL54,1
BL5,BL55,1
BL5,BL56,1
BL5,BL57,1
BL5,BL58,1
BL5,BL59,1
BL5,BL6,1
BL5,BL60,1
BL5,BL61,1
BL5,BL62,1
BL5,BL63,1
BL5,BL64,1
BL5,BL65,1
BL5,BL66,1
BL5,BL67,1
BL5,BL7,1
BL5,BL8,1
BL5,BL9,1
BL5,GV1,1
BL5,GV10,1
BL5,GV11,1
BL5,GV12,1
BL5,GV13,1
BL5,GV14,1
BL5,GV15,1
BL5,GV16,1
BL5,GV17,1
BL5,GV18,1
BL5,GV19,1
BL5,GV2,1
BL5,GV20,1
BL5,GV21,1
BL5,GV22,1
BL5,GV23,1
BL5,GV24,1
BL5,GV25,1
BL5,GV26,1
BL5,GV27,1
BL5,GV28,1
BL5,GV3,1
BL5,GV4,1
BL5,GV5,1
BL5,GV6,1
BL5,GV7,1
BL5,GV8,1
BL5,GV9,1
BL50,BL51,1
BL50,BL52,1
BL50,BL53,1
BL50,BL54,1
BL50,BL55,1
BL50,BL56,1
BL50,BL57,1
BL50,BL58,1
BL50,BL59,1
BL50,BL6,1
BL50,BL60,1
BL50,BL61,1
BL50,BL62,1
BL50,BL63,1
BL50,BL64,1
BL50,BL65,1
BL50,BL66,1
BL50,BL67,1
BL50,BL7,1
BL50,BL8,1
BL50,BL9,1
BL50,GV1,1
BL50,GV10,1
BL50,GV11,1
BL50,GV12,1
BL50,GV13,1
BL50,GV14,1
BL50,GV15,1
BL50,GV16,1
BL50,GV17,1
BL50,GV18,1
BL50,GV19,1
BL50,GV2,1
BL50,GV20,1
BL50,GV21,1
BL50,GV22,1
BL50,GV23,1
BL50,GV24,1
BL50,GV25,1
BL50,GV26,1
BL50,GV27,1
BL50,GV28,1
BL50,GV3,1
BL50,GV4,1
BL50,GV5,1
BL50,GV6,1
BL50,GV7,1
BL50,GV8,1
BL50,GV9,1
BL51,BL52,1
BL51,BL53,1
BL51,BL54,1
BL51,BL55,1
BL51,BL56,1
BL51,BL57,1
BL51,BL58,1
BL51,BL59,1
BL51,BL6,1
BL51,BL60,1
BL51,BL61,1
BL51,BL62,1
BL51,BL63,1
BL51,BL64,1
BL51,BL65,1
BL51,BL66,1
BL51,BL67,1
BL51,BL7,1
BL51,BL8,1
BL51,BL9,1
BL51,GV1,1
BL51,GV10,1
BL51,GV11,1
BL51,GV12,1
BL51,GV13,1
BL51,GV14,1
BL51,GV15,1
BL51,GV16,1
BL51,GV17,1
BL51,GV18,1
BL51,GV19,1
BL51,GV2,1
BL51,GV20,1
BL51,GV21,1
BL51,GV22,1
BL51,GV23,1
BL51,GV24,1
BL51,GV25,1
BL51,GV26,1
BL51,GV27,1
BL51,GV28,1
BL51,GV3,1
BL51,GV4,1
BL51,GV5,1
BL51,GV6,1
BL51,GV7,1
BL51,GV8,1
BL51,GV9,1
BL52,BL53,1
BL52,BL54,1
BL52,BL55,1
BL52,BL56,1
BL52,BL57,1
BL52,BL58,1
BL52,BL59,1
BL52,BL6,1
BL52,BL60,1
BL52,BL61,1
BL52,BL62,1
BL52,BL63,1
BL52,BL64,1
BL52,BL65,1
BL52,BL66,1
BL52,BL67,1
BL52,BL7,1
BL52,BL8,1
BL52,BL9,1
BL52,GV1,1
BL52,GV10,1
BL52,GV11,1
BL52,GV12,1
BL52,GV13,1
BL52,GV14,1
BL52,GV15,1
BL52,GV16,1
BL52,GV17,1
BL52,GV18,1
BL52,GV19,1
BL52,GV2,1
BL52,GV20,1
BL52,GV21,1
BL52,GV22,1
BL52,GV23,1
BL52,GV24,1
BL52,GV25,1
BL52,GV26,1
BL52,GV27,1
BL52,GV28,1
BL52,GV3,1
BL52,GV4,1
BL52,GV5,1
BL52,GV6,1
BL52,GV7,1
BL52,GV8,1
BL52,GV9,1
BL53,BL54,1
BL53,BL55,1
BL53,BL56,1
BL53,BL57,1
BL53,BL58,1
BL53,BL59,1
BL53,BL6,1
BL53,BL60,1
BL53,BL61,1
BL53,BL62,1
BL53,BL63,1
BL53,BL64,1
BL53,BL65,1
BL53,BL66,1
BL53,BL67,1
BL53,BL7,1
BL53,BL8,1
BL53,BL9,1
BL53,GV1,1
BL53,GV10,1
BL53,GV11,1
BL53,GV12,1
BL53,GV13,1
BL53,GV14,1
BL53,GV15,1
BL53,GV16,1
BL53,GV17,1
BL53,GV18,1
BL53,GV19,1
BL53,GV2,1
BL53,GV20,1
BL53,GV21,1
BL53,GV22,1
BL53,GV23,1
BL53,GV24,1
BL53,GV25,1
BL53,GV26,1
BL53,GV27,1
BL53,GV28,1
BL53,GV3,1
BL53,GV4,1
BL53,GV5,1
BL53,GV6,1
BL53,GV7,1
BL53,GV8,1
BL53,GV9,1
BL54,BL55,1
BL54,BL56,1
BL54,BL57,1
BL54,BL58,1
BL54,BL59,1
BL54,BL6,1
BL54,BL60,1
BL54,BL61,1
BL54,BL62,1
BL54,BL63,1
BL54,BL64,1
BL54,BL65,1
BL54,BL66,1
BL54,BL67,1
BL54,BL7,1
BL54,BL8,1
BL54,BL9,1
BL54,GV1,1
BL54,GV10,1
BL54,GV11,1
BL54,GV12,1
BL54,GV13,1
BL54,GV14,1
BL54,GV15,1
BL54,GV16,1
BL54,GV17,1
BL54,GV18,1
BL54,GV19,1
BL54,GV2,1
BL54,GV20,1
BL54,GV21,1
BL54,GV22,1
BL54,GV23,1
BL54,GV24,1
BL54,GV25,1
BL54,GV26,1
BL54,GV27,1
BL54,GV28,1
BL54,GV3,1
BL54,GV4,1
BL54,GV5,1
BL54,GV6,1
BL54,GV7,1
BL54,GV8,1
BL54,GV9,1
BL55,BL56,1
BL55,BL57,1
BL55,BL58,1
BL55,BL59,1
BL55,BL6,1
BL55,BL60,1
BL55,BL61,1
BL55,BL62,1
BL55,BL63,1
BL55,BL64,1
BL55,BL65,1
BL55,BL66,1
BL55,BL67,1
BL55,BL7,1
BL55,BL8,1
BL55,BL9,1
BL55,GV1,1
BL55,GV10,1
BL55,GV11,1
BL55,GV12,1
BL55,GV13,1
BL55,GV14,1
BL55,GV15,1
BL55,GV16,1
BL55,GV17,1
BL55,GV18,1
BL55,GV19,1
BL55,GV2,1
BL55,GV20,1
BL55,GV21,1
BL55,GV22,1
BL55,GV23,1
BL55,GV24,1
BL55,GV25,1
BL55,GV26,1
BL55,GV27,1
BL55,GV28,1
BL55,GV3,1
BL55,GV4,1
BL55,GV5,1
BL55,GV6,1
BL55,GV7,1
BL55,GV8,1
BL55,GV9,1
BL56,BL57,1
BL56,BL58,1
BL56,BL59,1
BL56,BL6,1
BL56,BL60,1
BL56,BL61,1
BL56,BL62,1
BL56,BL63,1
BL56,BL64,1
BL56,BL65,1
BL56,BL66,1
BL56,BL67,1
BL56,BL7,1
BL56,BL8,1
BL56,BL9,1
BL56,GV1,1
BL56,GV10,1
BL56,GV11,1
BL56,GV12,1
BL56,GV13,1
BL56,GV14,1
BL56,GV15,1
BL56,GV16,1
BL56,GV17,1
BL56,GV18,1
BL56,GV19,1
BL56,GV2,1
BL56,GV20,1
BL56,GV21,1
BL56,GV22,1
BL56,GV23,1
BL56,GV24,1
BL56,GV25,1
BL56,GV26,1
BL56,GV27,1
BL56,GV28,1
BL56,GV3,1
BL56,GV4,1
BL56,GV5,1
BL56,GV6,1
BL56,GV7,1
BL56,GV8,1
BL56,GV9,1
BL57,BL58,1
BL57,BL59,1
BL57,BL6,1
BL57,BL60,1
BL57,BL61,1
BL57,BL62,1
BL57,BL63,1
BL57,BL64,1
BL57,BL65,1
BL57,BL66,1
BL57,BL67,1
BL57,BL7,1
BL57,BL8,1
BL57,BL9,1
BL57,CV12,1
BL57,CV4,1
BL57,CV6,1
BL57,GV1,1
BL57,GV10,1
BL57,GV11,1
BL57,GV12,1
BL57,GV13,1
BL57,GV15,1
BL57,GV16,1
BL57,GV17,1
BL57,GV18,1
BL57,GV19,1
BL57,GV2,1
BL57,GV21,1
BL57,GV22,1
BL57,GV23,1
BL57,GV25,1
BL57,GV26,1
BL57,GV27,1
BL57,GV28,1
BL57,GV3,1
BL57,GV5,1
BL57,GV6,1
BL57,GV7,1
BL57,GV8,1
BL57,GV9,1
BL57,HT7,1
BL57,LR3,1
BL57,PC6,1
BL57,SP6,1
BL57,ST25,1
BL57,ST36,1
BL58,BL59,1
BL58,BL6,1
BL58,BL60,1
BL58,BL61,1
BL58,BL62,1
BL58,BL63,1
BL58,BL64,1
BL58,BL65,1
BL58,BL66,1
BL58,BL67,1
BL58,BL7,1
BL58,BL8,1
BL58,BL9,1
BL58,GV1,1
BL58,GV10,1
BL58,GV11,1
BL58,GV12,1
BL58,GV13,1
BL58,GV14,1
BL58,GV15,1
BL58,GV16,1
BL58,GV17,1
BL58,GV18,1
BL58,GV19,1
BL58,GV2,1
BL58,GV20,1
BL58,GV21,1
BL58,GV22,1
BL58,GV23,1
BL58,GV24,1
BL58,GV25,1
BL58,GV26,1
BL58,GV27,1
BL58,GV28,1
BL58,GV3,1
BL58,GV4,1
BL58,GV5,1
BL58,GV6,1
BL58,GV7,1
BL58,GV8,1
BL58,GV9,1
BL59,BL6,1
BL59,BL60,1
BL59,BL61,1
BL59,BL62,1
BL59,BL63,1
BL59,BL64,1
BL59,BL65,1
BL59,BL66,1
BL59,BL67,1
BL59,BL7,1
BL59,BL8,1
BL59,BL9,1
BL59,GV1,1
BL59,GV10,1
BL59,GV11,1
BL59,GV12,1
BL59,GV13,1
BL59,GV14,1
BL59,GV15,1
BL59,GV16,1
BL59,GV17,1
BL59,GV18,1
BL59,GV19,1
BL59,GV2,1
BL59,GV20,1
BL59,GV21,1
BL59,GV22,1
BL59,GV23,1
BL59,GV24,1
BL59,GV25,1
BL59,GV26,1
BL59,GV27,1
BL59,GV28,1
BL59,GV3,1
BL59,GV4,1
BL59,GV5,1
BL59,GV6,1
BL59,GV7,1
BL59,GV8,1
BL59,GV9,1
BL6,BL60,1
BL6,BL61,1
BL6,BL62,1
BL6,BL63,1
BL6,BL64,1
BL6,BL65,1
BL6,BL66,1
BL6,BL67,1
BL6,BL7,1
BL6,BL8,1
BL6,BL9,1
BL6,GV1,1
BL6,GV10,1
BL6,GV11,1
BL6,GV12,1
BL6,GV13,1
BL6,GV14,1
BL6,GV15,1
BL6,GV16,1
BL6,GV17,1
BL6,GV18,1
BL6,GV19,1
BL6,GV2,1
BL6,GV20,1
BL6,GV21,1
BL6,GV22,1
BL6,GV23,1
BL6,GV24,1
BL6,GV25,1
BL6,GV26,1
BL6,GV27,1
BL6,GV28,1
BL6,GV3,1
BL6,GV4,1
BL6,GV5,1
BL6,GV6,1
BL6,GV7,1
BL6,GV8,1
BL6,GV9,1
BL60,BL61,1
BL60,BL63,1
BL60,BL64,1
BL60,BL65,1
BL60,BL66,1
BL60,BL67,1
BL60,BL7,1
BL60,BL8,1
BL60,BL9,1
BL60,GV1,1
BL60,GV10,1
BL60,GV11,1
BL60,GV12,1
BL60,GV13,1
BL60,GV14,1
BL60,GV15,1
BL60,GV16,1
BL60,GV17,1
BL60,GV18,1
BL60,GV19,1
BL60,GV2,1
BL60,GV20,1
BL60,GV21,1
BL60,GV22,1
BL60,GV23,1
BL60,GV24,1
BL60,GV25,1
BL60,GV26,1
BL60,GV27,1
BL60,GV28,1
BL60,GV3,1
BL60,GV4,1
BL60,GV5,1
BL60,GV6,1
BL60,GV7,1
BL60,GV8,1
BL60,GV9,1
BL60,HT7,1
BL60,KI3,1
BL60,KI6,1
BL60,PC6,1
BL60,SISHENCONG,1
BL60,SP6,1
BL60,ST36,1
BL61,BL62,1
BL61,BL63,1
BL61,BL64,1
BL61,BL65,1
BL61,BL66,1
BL61,BL67,1
BL61,BL7,1
BL61,BL8,1
BL61,BL9,1
BL61,GV1,1
BL61,GV10,1
BL61,GV11,1
BL61,GV12,1
BL61,GV13,1
BL61,GV14,1
BL61,GV15,1
BL61,GV16,1
BL61,GV17,1
BL61,GV18,1
BL61,GV19,1
BL61,GV2,1
BL61,GV20,1
BL61,GV21,1
BL61,GV22,1
BL61,GV23,1
BL61,GV24,1
BL61,GV25,1
BL61,GV26,1
BL61,GV27,1
BL61,GV28,1
BL61,GV3,1
BL61,GV4,1
BL61,GV5,1
BL61,GV6,1
BL61,GV7,1
BL61,GV8,1
BL61,GV9,1
BL62,BL63,1
BL62,BL64,1
BL62,BL65,1
BL62,BL66,1
BL62,BL67,1
BL62,BL7,1
BL62,BL8,1
BL62,BL9,1
BL62,EAR_HEART,1
BL62,EAR_KIDNEY,1
BL62,EAR_LIVER,1
BL62,EAR_SHENMEN,1
BL62,EAR_SPLEEN,1
BL62,EAR_SUBCORTEX,1
BL62,EAR_SYMPATHETIC,1
BL62,EX-HN3,1
BL62,GB35,1
BL62,GB43,1
BL62,GV1,1
BL62,GV10,1
BL62,GV11,1
BL62,GV12,1
BL62,GV13,1
BL62,GV14,1
BL62,GV15,1
BL62,GV16,1
BL62,GV17,1
BL62,GV18,1
BL62,GV19,1
BL62,GV2,1
BL62,GV21,1
BL62,GV22,1
BL62,GV23,1
BL62,GV25,1
BL62,GV26,1
BL62,GV27,1
BL62,GV28,1
BL62,GV3,1
BL62,GV4,1
BL62,GV5,1
BL62,GV6,1
BL62,GV7,1
BL62,GV8,1
BL62,GV9,1
BL62,KI9,1
BL62,PC7,1
BL62,ST25,1
BL62,TAIYANG,1
BL63,BL64,1
BL63,BL65,1
BL63,BL66,1
BL63,BL67,1
BL63,BL7,1
BL63,BL8,1
BL63,BL9,1
BL63,GV1,1
BL63,GV10,1
BL63,GV11,1
BL63,GV12,1
BL63,GV13,1
BL63,GV14,1
BL63,GV15,1
BL63,GV16,1
BL63,GV17,1
BL63,GV18,1
BL63,GV19,1
BL63,GV2,1
BL63,GV20,1
BL63,GV21,1
BL63,GV22,1
BL63,GV23,1
BL63,GV24,1
BL63,GV25,1
BL63,GV26,1
BL63,GV27,1
BL63,GV28,1
BL63,GV3,1
BL63,GV4,1
BL63,GV5,1
BL63,GV6,1
BL63,GV7,1
BL63,GV8,1
BL63,GV9,1
BL64,BL65,1
BL64,BL66,1
BL64,BL67,1
BL64,BL7,1
BL64,BL8,1
BL64,BL9,1
BL64,GV1,1
BL64,GV10,1
BL64,GV11,1
BL64,GV12,1
BL64,GV13,1
BL64,GV14,1
BL64,GV15,1
BL64,GV16,1
BL64,GV17,1
BL64,GV18,1
BL64,GV19,1
BL64,GV2,1
BL64,GV20,1
BL64,GV21,1
BL64,GV22,1
BL64,GV23,1
BL64,GV24,1
BL64,GV25,1
BL64,GV26,1
BL64,GV27,1
BL64,GV28,1
BL64,GV3,1
BL64,GV4,1
BL64,GV5,1
BL64,GV6,1
BL64,GV7,1
BL64,GV8,1
BL64,GV9,1
BL65,BL66,1
BL65,BL67,1
BL65,BL7,1
BL65,BL8,1
BL65,BL9,1
BL65,GV1,1
BL65,GV10,1
BL65,GV11,1
BL65,GV12,1
BL65,GV13,1
BL65,GV14,1
BL65,GV15,1
BL65,GV16,1
BL65,GV17,1
BL65,GV18,1
BL65,GV19,1
BL65,GV2,1
BL65,GV20,1
BL65,GV21,1
BL65,GV22,1
BL65,GV23,1
BL65,GV24,1
BL65,GV25,1
BL65,GV26,1
BL65,GV27,1
BL65,GV28,1
BL65,GV3,1
BL65,GV4,1
BL65,GV5,1
BL65,GV6,1
BL65,GV7,1
BL65,GV8,1
BL65,GV9,1
BL66,BL67,1
BL66,BL7,1
BL66,BL8,1
BL66,BL9,1
BL66,GV1,1
BL66,GV10,1
BL66,GV11,1
BL66,GV12,1
BL66,GV13,1
BL66,GV14,1
BL66,GV15,1
BL66,GV16,1
BL66,GV17,1
BL66,GV18,1
BL66,GV19,1
BL66,GV2,1
BL66,GV20,1
BL66,GV21,1
BL66,GV22,1
BL66,GV23,1
BL66,GV24,1
BL66,GV25,1
BL66,GV26,1
BL66,GV27,1
BL66,GV28,1
BL66,GV3,1
BL66,GV4,1
BL66,GV5,1
BL66,GV6,1
BL66,GV7,1
BL66,GV8,1
BL66,GV9,1
BL67,BL7,1
BL67,BL8,1
BL67,BL9,1
BL67,GV1,1
BL67,GV10,1
BL67,GV11,1
BL67,GV12,1
BL67,GV13,1
BL67,GV14,1
BL67,GV15,1
BL67,GV16,1
BL67,GV17,1
BL67,GV18,1
BL67,GV19,1
BL67,GV2,1
BL67,GV20,1
BL67,GV21,1
BL67,GV22,1
BL67,GV23,1
BL67,GV24,1
BL67,GV25,1
BL67,GV26,1
BL67,GV27,1
BL67,GV28,1
BL67,GV3,1
BL67,GV4,1
BL67,GV5,1
BL67,GV6,1
BL67,GV7,1
BL67,GV8,1
BL67,GV9,1
BL7,BL8,1
BL7,BL9,1
BL7,GV1,1
BL7,GV10,1
BL7,GV11,1
BL7,GV12,1
BL7,GV13,1
BL7,GV14,1
BL7,GV15,1
BL7,GV16,1
BL7,GV17,1
BL7,GV18,1
BL7,GV19,1
BL7,GV2,1
BL7,GV20,1
BL7,GV21,1
BL7,GV22,1
BL7,GV23,1
BL7,GV24,1
BL7,GV25,1
BL7,GV26,1
BL7,GV27,1
BL7,GV28,1
BL7,GV3,1
BL7,GV4,1
BL7,GV5,1
BL7,GV6,1
BL7,GV7,1
BL7,GV8,1
BL7,GV9,1
BL8,BL9,1
BL8,GV1,1
BL8,GV10,1
BL8,GV11,1
BL8,GV12,1
BL8,GV13,1
BL8,GV14,1
BL8,GV15,1
BL8,GV16,1
BL8,GV17,1
BL8,GV18,1
BL8,GV19,1
BL8,GV2,1
BL8,GV20,1
BL8,GV21,1
BL8,GV22,1
BL8,GV23,1
BL8,GV24,1
BL8,GV25,1
BL8,GV26,1
BL8,GV27,1
BL8,GV28,1
BL8,GV3,1
BL8,GV4,1
BL8,GV5,1
BL8,GV6,1
BL8,GV7,1
BL8,GV8,1
BL8,GV9,1
BL9,GV1,1
BL9,GV10,1
BL9,GV11,1
BL9,GV12,1
BL9,GV13,1
BL9,GV14,1
BL9,GV15,1
BL9,GV16,1
BL9,GV17,1
BL9,GV18,1
BL9,GV19,1
BL9,GV2,1
BL9,GV20,1
BL9,GV21,1
BL9,GV22,1
BL9,GV23,1
BL9,GV24,1
BL9,GV25,1
BL9,GV26,1
BL9,GV27,1
BL9,GV28,1
BL9,GV3,1
BL9,GV4,1
BL9,GV5,1
BL9,GV6,1
BL9,GV7,1
BL9,GV8,1
BL9,GV9,1
CV10,CV13,1
CV10,EAR_BRAIN,1
CV10,EAR_HEART,1
CV10,EAR_HYPOPHYSIS,1
CV10,EAR_KIDNEY,1
CV10,EAR_LIVER,1
CV10,EAR_OCCIPUT,1
CV10,EAR_SPLEEN,1
CV10,EAR_SUBCORTEX,1
CV10,KI17,1
CV10,SISHENCONG,1
CV10,SP6,1
CV10,ST24,1
CV10,ST25,1
CV10,ST30,1
CV10,ST31,1
CV10,ST36,1
CV12,CV13,1
CV12,CV14,1
CV12,CV15,1
CV12,CV17,1
CV12,CV24,1
CV12,EAR_BRAIN,1
CV12,EAR_HEART,1
CV12,EAR_HYPOPHYSIS,1
CV12,EAR_KIDNEY,1
CV12,EAR_LIVER,1
CV12,EAR_OCCIPUT,1
CV12,EAR_SPLEEN,1
CV12,EAR_SUBCORTEX,1
CV12,EX-HN1,1
CV12,EX-HN3,1
CV12,EX-HN5,1
CV12,GV10,1
CV12,GV11,1
CV12,GV16,1
CV12,GV17,1
CV12,GV26,1
CV12,GV9,1
CV12,KI17,1
CV12,KI3,1
CV12,KI6,1
CV12,SISHENCONG,1
CV12,SP4,1
CV12,ST21,1
CV12,ST24,1
CV12,ST30,1
CV12,ST31,1
CV12,ST40,1
CV13,CV6,1
CV13,PC6,1
CV13,ST25,1
CV13,ST36,1
CV14,CV15,1
CV14,CV17,1
CV14,CV24,1
CV14,CV6,1
CV14,GV10,1
CV14,GV11,1
CV14,GV14,1
CV14,GV16,1
CV14,GV17,1
CV14,GV20,1
CV14,GV24,1
CV14,GV26,1
CV14,GV4,1
CV14,GV9,1
CV14,YINTANG,1
CV15,CV17,1
CV15,CV24,1
CV15,CV6,1
CV15,GV10,1
CV15,GV11,1
CV15,GV14,1
CV15,GV16,1
CV15,GV17,1
CV15,GV20,1
CV15,GV24,1
CV15,GV26,1
CV15,GV4,1
CV15,GV9,1
CV15,YINTANG,1
CV17,CV24,1
CV17,CV6,1
CV17,GV10,1
CV17,GV11,1
CV17,GV14,1
CV17,GV16,1
CV17,GV17,1
CV17,GV20,1
CV17,GV24,1
CV17,GV26,1
CV17,GV4,1
CV17,GV9,1
CV17,YINTANG,1
CV24,CV6,1
CV24,GV10,1
CV24,GV11,1
CV24,GV14,1
CV24,GV16,1
CV24,GV17,1
CV24,GV20,1
CV24,GV24,1
CV24,GV26,1
CV24,GV4,1
CV24,GV9,1
CV24,YINTANG,1
CV4,EAR_BRAIN,1
CV4,EAR_HEART,1
CV4,EAR_HYPOPHYSIS,1
CV4,EAR_KIDNEY,1
CV4,EAR_LIVER,1
CV4,EAR_OCCIPUT,1
CV4,EAR_SPLEEN,1
CV4,EAR_SUBCORTEX,1
CV4,EX-HN1,1
CV4,GV14,1
CV4,GV24,1
CV4,GV4,1
CV4,KI17,1
CV4,KI3,1
CV4,SISHENCONG,1
CV4,ST24,1
CV4,ST25,1
CV4,ST30,1
CV4,ST31,1
CV6,EAR_BRAIN,1
CV6,EAR_HEART,1
CV6,EAR_HYPOPHYSIS,1
CV6,EAR_KIDNEY,1
CV6,EAR_LIVER,1
CV6,EAR_OCCIPUT,1
CV6,EAR_SPLEEN,1
CV6,EAR_SUBCORTEX,1
CV6,GV10,1
CV6,GV11,1
CV6,GV16,1
CV6,GV17,1
CV6,GV26,1
CV6,GV9,1
CV6,KI17,1
CV6,LR3,1
CV6,SISHENCONG,1
CV6,ST24,1
CV6,ST30,1
CV6,ST31,1
EAR_BRAIN,EAR_HYPOPHYSIS,1
EAR_BRAIN,EAR_OCCIPUT,1
EAR_BRAIN,EAR_SHENMEN,1
EAR_BRAIN,EAR_SYMPATHETIC,1
EAR_BRAIN,GV20,1
EAR_BRAIN,HT7,1
EAR_BRAIN,YINTANG,1
EAR_CORTICAL_AREAS,EAR_ENDOCRINE,1
EAR_CORTICAL_AREAS,EAR_HEART,1
EAR_CORTICAL_AREAS,EAR_KIDNEY,1
EAR_CORTICAL_AREAS,EAR_LIVER,1
EAR_CORTICAL_AREAS,EAR_LUNG,1
EAR_CORTICAL_AREAS,EAR_SHENMEN,1
EAR_CORTICAL_AREAS,EAR_SPLEEN,1
EAR_CORTICAL_AREAS,EAR_SYMPATHETIC,1
EAR_CORTICAL_AREAS,EX-HN3,1
EAR_CORTICAL_AREAS,EX-HN5,1
EAR_CORTICAL_AREAS,GV20,1
EAR_CORTICAL_AREAS,GV24,1
EAR_CORTICAL_AREAS,HT7,1
EAR_ENDOCRINE,EAR_GALLBLADDER,1
EAR_ENDOCRINE,EAR_LARGE_INTESTINE,1
EAR_ENDOCRINE,EAR_LUNG,1
EAR_ENDOCRINE,EAR_SANJIAO,1
EAR_ENDOCRINE,EAR_SMALL_INTESTINE,1
EAR_ENDOCRINE,EAR_SUBCORTEX,1
EAR_ENDOCRINE,EX-HN3,1
EAR_ENDOCRINE,EX-HN5,1
EAR_ENDOCRINE,GV20,1
EAR_ENDOCRINE,GV24,1
EAR_ENDOCRINE,HT7,1
EAR_GALLBLADDER,EAR_LARGE_INTESTINE,1
EAR_GALLBLADDER,EAR_OCCIPUT,1
EAR_GALLBLADDER,EAR_SANJIAO,1
EAR_GALLBLADDER,EAR_SMALL_INTESTINE,1
EAR_GALLBLADDER,EAR_STOMACH,1
EAR_GALLBLADDER,EAR_SUBCORTEX,1
EAR_HEART,EAR_LARGE_INTESTINE,1
EAR_HEART,EAR_LUNG,1
EAR_HEART,EAR_SANJIAO,1
EAR_HEART,EAR_SMALL_INTESTINE,1
EAR_HEART,EAR_STOMACH,1
EAR_HEART,EX-HN3,1
EAR_HEART,EX-HN5,1
EAR_HEART,GV24,1
EAR_HEART,KI6,1
EAR_HEART,LI10,1
EAR_HEART,ST36,1
EAR_HEART,TE17,1
EAR_HYPOPHYSIS,EAR_OCCIPUT,1
EAR_HYPOPHYSIS,EAR_SHENMEN,1
EAR_HYPOPHYSIS,EAR_SYMPATHETIC,1
EAR_HYPOPHYSIS,GV20,1
EAR_HYPOPHYSIS,HT7,1
EAR_HYPOPHYSIS,YINTANG,1
EAR_KIDNEY,EAR_LARGE_INTESTINE,1
EAR_KIDNEY,EAR_LUNG,1
EAR_KIDNEY,EAR_SANJIAO,1
EAR_KIDNEY,EAR_SMALL_INTESTINE,1
EAR_KIDNEY,EAR_STOMACH,1
EAR_KIDNEY,EX-HN3,1
EAR_KIDNEY,EX-HN5,1
EAR_KIDNEY,GV24,1
EAR_KIDNEY,KI6,1
EAR_KIDNEY,LI10,1
EAR_KIDNEY,ST36,1
EAR_KIDNEY,TE17,1
EAR_LARGE_INTESTINE,EAR_LIVER,1
EAR_LARGE_INTESTINE,EAR_SANJIAO,1
EAR_LARGE_INTESTINE,EAR_SHENMEN,1
EAR_LARGE_INTESTINE,EAR_SMALL_INTESTINE,1
EAR_LARGE_INTESTINE,EAR_SPLEEN,1
EAR_LIVER,EAR_LUNG,1
EAR_LIVER,EAR_SANJIAO,1
EAR_LIVER,EAR_SMALL_INTESTINE,1
EAR_LIVER,EAR_STOMACH,1
EAR_LIVER,EX-HN3,1
EAR_LIVER,EX-HN5,1
EAR_LIVER,GV24,1
EAR_LIVER,KI6,1
EAR_LUNG,EAR_SHENMEN,1
EAR_LUNG,EAR_SPLEEN,1
EAR_LUNG,EAR_SYMPATHETIC,1
EAR_LUNG,EX-HN3,1
EAR_LUNG,EX-HN5,1
EAR_LUNG,GV20,1
EAR_LUNG,GV24,1
EAR_LUNG,HT7,1
EAR_OCCIPUT,EAR_STOMACH,1
EAR_OCCIPUT,EAR_SYMPATHETIC,1
EAR_OCCIPUT,GV20,1
EAR_OCCIPUT,HT7,1
EAR_OCCIPUT,YINTANG,1
EAR_SANJIAO,EAR_SHENMEN,1
EAR_SANJIAO,EAR_SMALL_INTESTINE,1
EAR_SANJIAO,EAR_SPLEEN,1
EAR_SHENMEN,EAR_SMALL_INTESTINE,1
EAR_SHENMEN,EAR_STOMACH,1
EAR_SHENMEN,EX-HN5,1
EAR_SHENMEN,GV24,1
EAR_SHENMEN,KI1,1
EAR_SHENMEN,KI6,1
EAR_SHENMEN,LI10,1
EAR_SHENMEN,ST36,1
EAR_SHENMEN,TE17,1
EAR_SMALL_INTESTINE,EAR_SPLEEN,1
EAR_SPLEEN,EAR_STOMACH,1
EAR_SPLEEN,EX-HN3,1
EAR_SPLEEN,EX-HN5,1
EAR_SPLEEN,GV24,1
EAR_SPLEEN,KI6,1
EAR_SPLEEN,LI10,1
EAR_SPLEEN,ST36,1
EAR_SPLEEN,TE17,1
EAR_STOMACH,EAR_SUBCORTEX,1
EAR_SUBCORTEX,KI6,1
EAR_SYMPATHETIC,EX-HN3,1
EAR_SYMPATHETIC,EX-HN5,1
EAR_SYMPATHETIC,GV24,1
EAR_SYMPATHETIC,KI6,1
EAR_SYMPATHETIC,LI10,1
EAR_SYMPATHETIC,ST36,1
EAR_SYMPATHETIC,TE17,1
EX-HN1,GB43,1
EX-HN1,LI4,1
EX-HN1,PC7,1
EX-HN1,SP4,1
EX-HN1,ST40,1
EX-HN22,EX-HN5,1
EX-HN22,GB20,1
EX-HN22,GB43,1
EX-HN22,GV29,1
EX-HN22,KI1,1
EX-HN22,KI3,1
EX-HN22,PC7,1
EX-HN3,GB43,1
EX-HN3,GV14,1
EX-HN3,GV24,1
EX-HN3,LI4,1
EX-HN3,LR2,1
EX-HN3,ST21,1
EX-HN3,TE6,1
EX-HN5,KI3,1
EX-HN5,LR3,1
EX-HN5,ST21,1
EX-HN5,ST36,1
GB19,GV17,1
GB19,GV20,1
GB19,HT7,1
GB19,LR3,1
GB19,PC6,1
GB19,SP6,1
GB19,ST36,1
GB20,SISHENCONG,1
GB25,LR14,1
GB34,KI1,1
GB34,SP6,1
GB34,ST36,1
GB35,GV20,1
GB35,HT7,1
GB35,KI6,1
GB35,KI9,1
GB35,PC6,1
GB35,SP6,1
GB43,GV20,1
GB43,GV24,1
GB43,HT7,1
GB43,KI6,1
GB43,LI4,1
GB43,LR2,1
GB43,LR3,1
GB43,PC6,1
GB43,PC7,1
GB43,ST36,1
GB43,TE6,1
GV1,GV10,1
GV1,GV11,1
GV1,GV12,1
GV1,GV13,1
GV1,GV14,1
GV1,GV15,1
GV1,GV16,1
GV1,GV17,1
GV1,GV18,1
GV1,GV19,1
GV1,GV2,1
GV1,GV20,1
GV1,GV21,1
GV1,GV22,1
GV1,GV23,1
GV1,GV24,1
GV1,GV25,1
GV1,GV26,1
GV1,GV27,1
GV1,GV28,1
GV1,GV3,1
GV1,GV4,1
GV1,GV5,1
GV1,GV6,1
GV1,GV7,1
GV1,GV8,1
GV1,GV9,1
GV10,GV12,1
GV10,GV13,1
GV10,GV15,1
GV10,GV18,1
GV10,GV19,1
GV10,GV2,1
GV10,GV21,1
GV10,GV22,1
GV10,GV23,1
GV10,GV25,1
GV10,GV27,1
GV10,GV28,1
GV10,GV3,1
GV10,GV5,1
GV10,GV6,1
GV10,GV7,1
GV10,GV8,1
GV10,YINTANG,1
GV11,GV12,1
GV11,GV13,1
GV11,GV15,1
GV11,GV19,1
GV11,GV2,1
GV11,GV21,1
GV11,GV22,1
GV11,GV23,1
GV11,GV25,1
GV11,GV27,1
GV11,GV28,1
GV11,GV3,1
GV11,GV5,1
GV11,GV6,1
GV11,GV7,1
GV11,GV8,1
GV11,HT7,1
GV11,KI3,1
GV11,PC6,1
GV11,YINTANG,1
GV12,GV13,1
GV12,GV14,1
GV12,GV15,1
GV12,GV16,1
GV12,GV17,1
GV12,GV18,1
GV12,GV19,1
GV12,GV2,1
GV12,GV20,1
GV12,GV21,1
GV12,GV22,1
GV12,GV23,1
GV12,GV24,1
GV12,GV25,1
GV12,GV26,1
GV12,GV27,1
GV12,GV28,1
GV12,GV3,1
GV12,GV4,1
GV12,GV5,1
GV12,GV6,1
GV12,GV7,1
GV12,GV8,1
GV12,GV9,1
GV13,GV14,1
GV13,GV15,1
GV13,GV16,1
GV13,GV17,1
GV13,GV18,1
GV13,GV19,1
GV13,GV2,1
GV13,GV20,1
GV13,GV21,1
GV13,GV22,1
GV13,GV23,1
GV13,GV24,1
GV13,GV25,1
GV13,GV26,1
GV13,GV27,1
GV13,GV28,1
GV13,GV3,1
GV13,GV4,1
GV13,GV5,1
GV13,GV6,1
GV13,GV7,1
GV13,GV8,1
GV13,GV9,1
GV14,GV15,1
GV14,GV19,1
GV14,GV2,1
GV14,GV21,1
GV14,GV22,1
GV14,GV23,1
GV14,GV25,1
GV14,GV27,1
GV14,GV28,1
GV14,GV3,1
GV14,GV5,1
GV14,GV6,1
GV14,GV7,1
GV14,GV8,1
GV14,HT7,1
GV14,LR3,1
GV14,PC6,1
GV14,SP6,1
GV14,ST25,1
GV14,ST36,1
GV14,YINTANG,1
GV15,GV16,1
GV15,GV17,1
GV15,GV18,1
GV15,GV19,1
GV15,GV2,1
GV15,GV20,1
GV15,GV21,1
GV15,GV22,1
GV15,GV23,1
GV15,GV24,1
GV15,GV25,1
GV15,GV26,1
GV15,GV27,1
GV15,GV28,1
GV15,GV3,1
GV15,GV4,1
GV15,GV5,1
GV15,GV6,1
GV15,GV7,1
GV15,GV8,1
GV15,GV9,1
GV16,GV19,1
GV16,GV2,1
GV16,GV21,1
GV16,GV22,1
GV16,GV23,1
GV16,GV25,1
GV16,GV27,1
GV16,GV28,1
GV16,GV3,1
GV16,GV5,1
GV16,GV6,1
GV16,GV7,1
GV16,GV8,1
GV16,HT7,1
GV16,KI3,1
GV16,PC6,1
GV16,YINTANG,1
GV17,GV19,1
GV17,GV2,1
GV17,GV21,1
GV17,GV22,1
GV17,GV23,1
GV17,GV25,1
GV17,GV27,1
GV17,GV28,1
GV17,GV3,1
GV17,GV5,1
GV17,GV6,1
GV17,GV7,1
GV17,GV8,1
GV17,HT7,1
GV17,LR3,1
GV17,PC6,1
GV17,SP6,1
GV17,ST36,1
GV17,YINTANG,1
GV18,GV19,1
GV18,GV2,1
GV18,GV21,1
GV18,GV22,1
GV18,GV23,1
GV18,GV25,1
GV18,GV26,1
GV18,GV27,1
GV18,GV28,1
GV18,GV3,1
GV18,GV4,1
GV18,GV5,1
GV18,GV6,1
GV18,GV7,1
GV18,GV8,1
GV18,GV9,1
GV19,GV2,1
GV19,GV20,1
GV19,GV21,1
GV19,GV22,1
GV19,GV23,1
GV19,GV24,1
GV19,GV25,1
GV19,GV26,1
GV19,GV27,1
GV19,GV28,1
GV19,GV3,1
GV19,GV4,1
GV19,GV5,1
GV19,GV6,1
GV19,GV7,1
GV19,GV8,1
GV19,GV9,1
GV2,GV20,1
GV2,GV21,1
GV2,GV22,1
GV2,GV23,1
GV2,GV24,1
GV2,GV25,1
GV2,GV26,1
GV2,GV27,1
GV2,GV28,1
GV2,GV3,1
GV2,GV4,1
GV2,GV5,1
GV2,GV6,1
GV2,GV7,1
GV2,GV8,1
GV2,GV9,1
GV20,GV21,1
GV20,GV22,1
GV20,GV23,1
GV20,GV25,1
GV20,GV27,1
GV20,GV28,1
GV20,GV29,1
GV20,GV3,1
GV20,GV5,1
GV20,GV6,1
GV20,GV7,1
GV20,GV8,1
GV20,KI9,1
GV20,PC7,1
GV20,SP4,1
GV20,ST40,1
GV20,TAIYANG,1
GV21,GV22,1
GV21,GV23,1
GV21,GV24,1
GV21,GV25,1
GV21,GV26,1
GV21,GV27,1
GV21,GV28,1
GV21,GV3,1
GV21,GV4,1
GV21,GV5,1
GV21,GV6,1
GV21,GV7,1
GV21,GV8,1
GV21,GV9,1
GV22,GV23,1
GV22,GV24,1
GV22,GV25,1
GV22,GV26,1
GV22,GV27,1
GV22,GV28,1
GV22,GV3,1
GV22,GV4,1
GV22,GV5,1
GV22,GV6,1
GV22,GV7,1
GV22,GV8,1
GV22,GV9,1
GV23,GV24,1
GV23,GV25,1
GV23,GV26,1
GV23,GV27,1
GV23,GV28,1
GV23,GV3,1
GV23,GV4,1
GV23,GV5,1
GV23,GV6,1
GV23,GV7,1
GV23,GV8,1
GV23,GV9,1
GV24,GV25,1
GV24,GV27,1
GV24,GV28,1
GV24,GV29,1
GV24,GV3,1
GV24,GV5,1
GV24,GV6,1
GV24,GV7,1
GV24,GV8,1
GV24,LI4,1
GV24,PC7,1
GV24,SP4,1
GV24,ST25,1
GV24,ST40,1
GV24,YINTANG,1
GV25,GV26,1
GV25,GV27,1
GV25,GV28,1
GV25,GV3,1
GV25,GV4,1
GV25,GV5,1
GV25,GV6,1
GV25,GV7,1
GV25,GV8,1
GV25,GV9,1
GV26,GV27,1
GV26,GV28,1
GV26,GV3,1
GV26,GV5,1
GV26,GV6,1
GV26,GV7,1
GV26,GV8,1
GV26,YINTANG,1
GV27,GV28,1
GV27,GV3,1
GV27,GV4,1
GV27,GV5,1
GV27,GV6,1
GV27,GV7,1
GV27,GV8,1
GV27,GV9,1
GV28,GV3,1
GV28,GV4,1
GV28,GV5,1
GV28,GV6,1
GV28,GV7,1
GV28,GV8,1
GV28,GV9,1
GV29,HT7,1
GV29,SP6,1
GV3,GV4,1
GV3,GV5,1
GV3,GV6,1
GV3,GV7,1
GV3,GV8,1
GV3,GV9,1
GV4,GV5,1
GV4,GV6,1
GV4,GV7,1
GV4,GV8,1
GV4,HT7,1
GV4,LR3,1
GV4,PC6,1
GV4,SP6,1
GV4,ST25,1
GV4,ST36,1
GV4,YINTANG,1
GV5,GV6,1
GV5,GV7,1
GV5,GV8,1
GV5,GV9,1
GV6,GV7,1
GV6,GV8,1
GV6,GV9,1
GV7,GV8,1
GV7,GV9,1
GV8,GV9,1
GV9,YINTANG,1
HT5,HT7,1
HT5,KI3,1
HT5,LR3,1
HT5,SP6,1
HT5,ST36,1
HT7,KI9,1
HT7,PC7,1
HT7,SP4,1
HT7,ST21,1
HT7,ST40,1
HT7,TAIYANG,1
KI1,ST36,1
KI17,ST24,1
KI17,ST30,1
KI17,ST31,1
KI3,LI4,1
KI3,LR2,1
KI3,PC7,1
KI3,SISHENCONG,1
KI3,ST21,1
KI3,TE6,1
KI6,KI9,1
KI6,PC7,1
KI6,ST21,1
KI6,ST25,1
KI6,TAIYANG,1
KI9,PC6,1
KI9,SP6,1
LI4,PC7,1
LI4,YINTANG,1
LR2,SP6,1
LR2,TE6,1
LR3,PC7,1
LR3,SISHENCONG,1
LR3,ST21,1
LR3,ST25,1
LR3,TAIYANG,1
PC6,PC7,1
PC6,SP4,1
PC6,ST40,1
PC7,SP6,1
PC7,ST36,1
SP4,ST40,1
SP6,TE6,1
ST21,ST36,1
ST24,ST30,1
ST24,ST31,1
ST25,YINTANG,1
ST30,ST31,1
ST36,TAIYANG,1
