sheet,no,first_author,year,treatment,acupoints_raw,acupoints_list,standard_acupoints_list,dropped_acupoints_list
2012_acupuncture_SR,1,Chen,1999,Acupressure,"GV20, GB20, EX-HN22, HT7, hands(unspecified)","[""GV20"", ""GB20"", ""EX-HN22"", ""HT7"", ""hands(unspecified)""]","[""GV20"", ""GB20"", ""EX-HN22"", ""HT7""]","[""hands(unspecified)""]"
2012_acupuncture_SR,2,Chen,2009,Acupressure,"EX-HN3, GV24, GV20, EX-HN5, HT7, (Ear) Shenmen, heart, lung, spleen, kidney, liver, endocrine, sympathetic, cortical areas","[""EX-HN3"", ""GV24"", ""GV20"", ""EX-HN5"", ""HT7"", ""(Ear) Shenmen"", ""heart"", ""lung"", ""spleen"", ""kidney"", ""liver"", ""endocrine"", ""sympathetic"", ""cortical areas""]","[""EX-HN3"", ""GV24"", ""GV20"", ""EX-HN5"", ""HT7"", ""EAR_SHENMEN"", ""EAR_HEART"", ""EAR_LUNG"", ""EAR_SPLEEN"", ""EAR_KIDNEY"", ""EAR_LIVER"", ""EAR_ENDOCRINE"", ""EAR_SYMPATHETIC"", ""EAR_CORTICAL_AREAS""]",[]
2012_acupuncture_SR,3,Cui,2003,Needle acupuncture,"GV20, GV24, EX-HN1, HT7, PC6, CV12, ST40, SP4","[""GV20"", ""GV24"", ""EX-HN1"", ""HT7"", ""PC6"", ""CV12"", ""ST40"", ""SP4""]","[""GV20"", ""GV24"", ""EX-HN1"", ""HT7"", ""PC6"", ""CV12"", ""ST40"", ""SP4""]",[]
2012_acupuncture_SR,4,Du,2007,Needle acupuncture,"EX-HN3, SP6, 1 inch above medial malleolus, BL15, BL20, BL18, BL23, KI3, TE6, LR2, GB43","[""EX-HN3"", ""SP6"", ""1 inch above medial malleolus"", ""BL15"", ""BL20"", ""BL18"", ""BL23"", ""KI3"", ""TE6"", ""LR2"", ""GB43""]","[""EX-HN3"", ""SP6"", ""BL15"", ""BL20"", ""BL18"", ""BL23"", ""KI3"", ""TE6"", ""LR2"", ""GB43""]","[""1 inch above medial malleolus""]"
2012_acupuncture_SR,5,Guo,2009,Needle acupuncture,"EX-HN1, HT7, SP6, CV4, BL15, BL20, BL23, KI3, BL21, ST36, BL18, LR3","[""EX-HN1"", ""HT7"", ""SP6"", ""CV4"", ""BL15"", ""BL20"", ""BL23"", ""KI3"", ""BL21"", ""ST36"", ""BL18"", ""LR3""]","[""EX-HN1"", ""HT7"", ""SP6"", ""CV4"", ""BL15"", ""BL20"", ""BL23"", ""KI3"", ""BL21"", ""ST36"", ""BL18"", ""LR3""]",[]
2012_acupuncture_SR,6,Hisghman,2006,Acupressure(Magnetic),"(Ear) Shenmen, heart, kidney, liver, spleen, occiput and subcortex","[""(Ear) Shenmen"", ""heart"", ""kidney"", ""liver"", ""spleen"", ""occiput and subcortex""]","[""EAR_SHENMEN"", ""EAR_HEART"", ""EAR_KIDNEY"", ""EAR_LIVER"", ""EAR_SPLEEN"", ""EAR_OCCIPUT"", ""EAR_SUBCORTEX""]",[]
2012_acupuncture_SR,8,Jian,2005,Needle acupuncture,"BL15, EX-HN22, GV20, GV24, KI6, HT7, EX-HN5","[""BL15"", ""EX-HN22"", ""GV20"", ""GV24"", ""KI6"", ""HT7"", ""EX-HN5""]","[""BL15"", ""EX-HN22"", ""GV20"", ""GV24"", ""KI6"", ""HT7"", ""EX-HN5""]",[]
2012_acupuncture_SR,9,Jin,2003,Acupressure,"(Ear) Shenmen, Occiput, Subcortex, Liver, Gallbladder, Spleen, Stomach, Heart, Kidney","[""(Ear) Shenmen"", ""Occiput"", ""Subcortex"", ""Liver"", ""Gallbladder"", ""Spleen"", ""Stomach"", ""Heart"", ""Kidney""]","[""EAR_SHENMEN"", ""EAR_OCCIPUT"", ""EAR_SUBCORTEX"", ""EAR_LIVER"", ""EAR_GALLBLADDER"", ""EAR_SPLEEN"", ""EAR_STOMACH"", ""EAR_HEART"", ""EAR_KIDNEY""]",[]
2012_acupuncture_SR,11,Kim,2004,Needle acupuncture,"HT7, PC6","[""HT7"", ""PC6""]","[""HT7"", ""PC6""]",[]
2012_acupuncture_SR,12,Lai,2010,Electroacupuncture,"KI6, BL62, HT7, EX-HN3, EX-HN1, EX-HN22, BL15, BL20, ST36","[""KI6"", ""BL62"", ""HT7"", ""EX-HN3"", ""EX-HN1"", ""EX-HN22"", ""BL15"", ""BL20"", ""ST36""]","[""KI6"", ""BL62"", ""HT7"", ""EX-HN3"", ""EX-HN1"", ""EX-HN22"", ""BL15"", ""BL20"", ""ST36""]",[]
2012_acupuncture_SR,13,Lee,2009,Needle acupuncture,"HT7, PC6","[""HT7"", ""PC6""]","[""HT7"", ""PC6""]",[]
2012_acupuncture_SR,15,Lin,2007,Acupressure,"(Ear) Shenmen, Endocrine, Heart, Small Intestine, Liver, Kidney, Gallbladder, Spleen, Large Intestine, Sanjiao","[""(Ear) Shenmen"", ""Endocrine"", ""Heart"", ""Small Intestine"", ""Liver"", ""Kidney"", ""Gallbladder"", ""Spleen"", ""Large Intestine"", ""Sanjiao""]","[""EAR_SHENMEN"", ""EAR_ENDOCRINE"", ""EAR_HEART"", ""EAR_SMALL_INTESTINE"", ""EAR_LIVER"", ""EAR_KIDNEY"", ""EAR_GALLBLADDER"", ""EAR_SPLEEN"", ""EAR_LARGE_INTESTINE"", ""EAR_SANJIAO""]",[]
2012_acupuncture_SR,16,Liu,2001,Needle acupuncture,"EX-HN3, KI6, HT7, EX-HN5, KI3, ST36, LR3, CV12, ST21","[""EX-HN3"", ""KI6"", ""HT7"", ""EX-HN5"", ""KI3"", ""ST36"", ""LR3"", ""CV12"", ""ST21""]","[""EX-HN3"", ""KI6"", ""HT7"", ""EX-HN5"", ""KI3"", ""ST36"", ""LR3"", ""CV12"", ""ST21""]",[]
2012_acupuncture_SR,17,Lu,1998,Needle acupuncture,PC6(bilaterally),"[""PC6(bilaterally)""]","[""PC6""]",[]
2012_acupuncture_SR,18,Luo,2006,Needle acupuncture,"족태양방광경(BL), 독맥(GV)의 모든 경혈: BL1, BL2, BL3, BL4, BL5, BL6, BL7, BL8, BL9, BL10, BL11, BL12, BL13, BL14, BL15, BL16, BL17, BL18, BL19, BL20, BL21, BL22, BL23, BL24, BL25, BL26, BL27, BL28, BL29, BL30, BL31, BL32, BL33, BL34, BL35, BL36, BL37, BL38, BL39, BL40, BL41, BL42, BL43, BL44, BL45, BL46, BL47, BL48, BL49, BL50, BL51, BL52, BL53, BL54, BL55, BL56, BL57, BL58, BL59, BL60, BL61, BL62, BL63, BL64, BL65, BL66, BL67,
GV1, GV2, GV3, GV4, GV5, GV6, GV7, GV8, GV9, GV10, GV11, GV12, GV13, GV14, GV15, GV16, GV17, GV18, GV19, GV20, GV21, GV22, GV23, GV24, GV25, GV26, GV27, GV28","[""족태양방광경(BL)"", ""독맥(GV)의 모든 경혈: BL1"", ""BL2"", ""BL3"", ""BL4"", ""BL5"", ""BL6"", ""BL7"", ""BL8"", ""BL9"", ""BL10"", ""BL11"", ""BL12"", ""BL13"", ""BL14"", ""BL15"", ""BL16"", ""BL17"", ""BL18"", ""BL19"", ""BL20"", ""BL21"", ""BL22"", ""BL23"", ""BL24"", ""BL25"", ""BL26"", ""BL27"", ""BL28"", ""BL29"", ""BL30"", ""BL31"", ""BL32"", ""BL33"", ""BL34"", ""BL35"", ""BL36"", ""BL37"", ""BL38"", ""BL39"", ""BL40"", ""BL41"", ""BL42"", ""BL43"", ""BL44"", ""BL45"", ""BL46"", ""BL47"", ""BL48"", ""BL49"", ""BL50"", ""BL51"", ""BL52"", ""BL53"", ""BL54"", ""BL55"", ""BL56"", ""BL57"", ""BL58"", ""BL59"", ""BL60"", ""BL61"", ""BL62"", ""BL63"", ""BL64"", ""BL65"", ""BL66"", ""BL67"", ""GV1"", ""GV2"", ""GV3"", ""GV4"", ""GV5"", ""GV6"", ""GV7"", ""GV8"", ""GV9"", ""GV10"", ""GV11"", ""GV12"", ""GV13"", ""GV14"", ""GV15"", ""GV16"", ""GV17"", ""GV18"", ""GV19"", ""GV20"", ""GV21"", ""GV22"", ""GV23"", ""GV24"", ""GV25"", ""GV26"", ""GV27"", ""GV28""]","[""BL2"", ""BL3"", ""BL4"", ""BL5"", ""BL6"", ""BL7"", ""BL8"", ""BL9"", ""BL10"", ""BL11"", ""BL12"", ""BL13"", ""BL14"", ""BL15"", ""BL16"", ""BL17"", ""BL18"", ""BL19"", ""BL20"", ""BL21"", ""BL22"", ""BL23"", ""BL24"", ""BL25"", ""BL26"", ""BL27"", ""BL28"", ""BL29"", ""BL30"", ""BL31"", ""BL32"", ""BL33"", ""BL34"", ""BL35"", ""BL36"", ""BL37"", ""BL38"", ""BL39"", ""BL40"", ""BL41"", ""BL42"", ""BL43"", ""BL44"", ""BL45"", ""BL46"", ""BL47"", ""BL48"", ""BL49"", ""BL50"", ""BL51"", ""BL52"", ""BL53"", ""BL54"", ""BL55"", ""BL56"", ""BL57"", ""BL58"", ""BL59"", ""BL60"", ""BL61"", ""BL62"", ""BL63"", ""BL64"", ""BL65"", ""BL66"", ""BL67"", ""GV1"", ""GV2"", ""GV3"", ""GV4"", ""GV5"", ""GV6"", ""GV7"", ""GV8"", ""GV9"", ""GV10"", ""GV11"", ""GV12"", ""GV13"", ""GV14"", ""GV15"", ""GV16"", ""GV17"", ""GV18"", ""GV19"", ""GV20"", ""GV21"", ""GV22"", ""GV23"", ""GV24"", ""GV25"", ""GV26"", ""GV27"", ""GV28""]","[""족태양방광경(BL)"", ""독맥(GV)의 모든 경혈: BL1""]"
2012_acupuncture_SR,19,Lv,2007,Needle acupuncture,"GV24, GV20, EX-HN1, PC6, HT7, ST36, SP6, EX-HN22, BL62, KI6, KI3, PC7, LI4, LR3, GB43, BL15, BL23","[""GV24"", ""GV20"", ""EX-HN1"", ""PC6"", ""HT7"", ""ST36"", ""SP6"", ""EX-HN22"", ""BL62"", ""KI6"", ""KI3"", ""PC7"", ""LI4"", ""LR3"", ""GB43"", ""BL15"", ""BL23""]","[""GV24"", ""GV20"", ""EX-HN1"", ""PC6"", ""HT7"", ""ST36"", ""SP6"", ""EX-HN22"", ""BL62"", ""KI6"", ""KI3"", ""PC7"", ""LI4"", ""LR3"", ""GB43"", ""BL15"", ""BL23""]",[]
2012_acupuncture_SR,21,Nordio,2008,Acupressure,HT7(논문에는 H7이라고 되어있음),"[""HT7(논문에는 H7이라고 되어있음)""]","[""HT7""]",[]
2012_acupuncture_SR,22,Reza,2010,acupressure,"PC6, HT7, KI1, SP6, EX-HN22","[""PC6"", ""HT7"", ""KI1"", ""SP6"", ""EX-HN22""]","[""PC6"", ""HT7"", ""KI1"", ""SP6"", ""EX-HN22""]",[]
2012_acupuncture_SR,23,Sok,2005,acupressure,"(Ear) Zhenjing, Bailing","[""(Ear) Zhenjing"", ""Bailing""]","[""EAR_ZHENJING""]","[""Bailing""]"
2012_acupuncture_SR,24,Suen,2002,acupressure,"(Ear) Shenmen, Heart, Kidney, Liver, Spleen, Occiput, Subcortex","[""(Ear) Shenmen"", ""Heart"", ""Kidney"", ""Liver"", ""Spleen"", ""Occiput"", ""Subcortex""]","[""EAR_SHENMEN"", ""EAR_HEART"", ""EAR_KIDNEY"", ""EAR_LIVER"", ""EAR_SPLEEN"", ""EAR_OCCIPUT"", ""EAR_SUBCORTEX""]",[]
2012_acupuncture_SR,27,Tian,2006,Needle acupuncture,"GV20, EX-HN1, HT7, SP6, EX-HN22","[""GV20"", ""EX-HN1"", ""HT7"", ""SP6"", ""EX-HN22""]","[""GV20"", ""EX-HN1"", ""HT7"", ""SP6"", ""EX-HN22""]",[]
2012_acupuncture_SR,28,Tsay,2003,acupressure,"HT7, KI1, (Ear) Shenmen","[""HT7"", ""KI1"", ""(Ear) Shenmen""]","[""HT7"", ""KI1"", ""EAR_SHENMEN""]",[]
2012_acupuncture_SR,29,Tsay,2004,acupressure/electroacupuncture,"KI1, ST36, GB34, SP6","[""KI1"", ""ST36"", ""GB34"", ""SP6""]","[""KI1"", ""ST36"", ""GB34"", ""SP6""]",[]
2012_acupuncture_SR,30,Ye,2008,Needle acupuncture,"CV12, CV10, CV6, CV4, KI17, ST24, ST31, ST30","[""CV12"", ""CV10"", ""CV6"", ""CV4"", ""KI17"", ""ST24"", ""ST31"", ""ST30""]","[""CV12"", ""CV10"", ""CV6"", ""CV4"", ""KI17"", ""ST24"", ""ST31"", ""ST30""]",[]
2012_acupuncture_SR,32,Zhao,2010,Needle acupuncture,"KI6, BL62","[""KI6"", ""BL62""]","[""KI6"", ""BL62""]",[]
2012_acupuncture_SR,33,Zhu,2005,electroacupuncture,"BL23, PC6, HT7, ST36, SP6","[""BL23"", ""PC6"", ""HT7"", ""ST36"", ""SP6""]","[""BL23"", ""PC6"", ""HT7"", ""ST36"", ""SP6""]",[]
2016_acupuncture_SR,1,Guo J,2008,Acupuncture,"GV20, HT7, SP6, GV24, Sishencong","[""GV20"", ""HT7"", ""SP6"", ""GV24"", ""Sishencong""]","[""GV20"", ""HT7"", ""SP6"", ""GV24"", ""SISHENCONG""]",[]
2016_acupuncture_SR,2,Guo JW,2013,Acupuncture,"GV20, HT7, SP6, GV24, Sishencong","[""GV20"", ""HT7"", ""SP6"", ""GV24"", ""Sishencong""]","[""GV20"", ""HT7"", ""SP6"", ""GV24"", ""SISHENCONG""]",[]
2016_acupuncture_SR,3,He FL,2010,Acupuncture,"GV20, HT7, SP6, BL62, KI6, KI9, PC6, GB35, Anmian","[""GV20"", ""HT7"", ""SP6"", ""BL62"", ""KI6"", ""KI9"", ""PC6"", ""GB35"", ""Anmian""]","[""GV20"", ""HT7"", ""SP6"", ""BL62"", ""KI6"", ""KI9"", ""PC6"", ""GB35"", ""ANMIAN""]",[]
2016_acupuncture_SR,4,He T,2010,Acupuncture,"GV20, HT7, SP6, ST36, PC6, GB19, LR3, GV17","[""GV20"", ""HT7"", ""SP6"", ""ST36"", ""PC6"", ""GB19"", ""LR3"", ""GV17""]","[""GV20"", ""HT7"", ""SP6"", ""ST36"", ""PC6"", ""GB19"", ""LR3"", ""GV17""]",[]
2016_acupuncture_SR,5,Lai Y,2011,Acupuncture + ear acupressure,"GV20, HT7, SP6, PC6, CV4, CV6, CV10,CV12, Sishencong, Yintang;
Ear points: heart, kidney, liver, shenmen, spleen, subcortex, sympathetic","[""GV20"", ""HT7"", ""SP6"", ""PC6"", ""CV4"", ""CV6"", ""CV10"", ""CV12"", ""Sishencong"", ""Yintang"", ""Ear points: heart"", ""kidney"", ""liver"", ""shenmen"", ""spleen"", ""subcortex"", ""sympathetic""]","[""GV20"", ""HT7"", ""SP6"", ""PC6"", ""CV4"", ""CV6"", ""CV10"", ""CV12"", ""SISHENCONG"", ""YINTANG"", ""EAR_HEART"", ""EAR_KIDNEY"", ""EAR_LIVER"", ""EAR_SHENMEN"", ""EAR_SPLEEN"", ""EAR_SUBCORTEX"", ""EAR_SYMPATHETIC""]",[]
2016_acupuncture_SR,6,Li PF,2013,Acupuncture,"GV20, GV11, GV14, GV16, GV17, GV18, GV24","[""GV20"", ""GV11"", ""GV14"", ""GV16"", ""GV17"", ""GV18"", ""GV24""]","[""GV20"", ""GV11"", ""GV14"", ""GV16"", ""GV17"", ""GV18"", ""GV24""]",[]
2016_acupuncture_SR,7,Li XY,2010,Acupuncture,"GV20, HT7, GB20, Anmian, Sishencong","[""GV20"", ""HT7"", ""GB20"", ""Anmian"", ""Sishencong""]","[""GV20"", ""HT7"", ""GB20"", ""ANMIAN"", ""SISHENCONG""]",[]
2016_acupuncture_SR,8,Liu JY,2013,Electroacupuncture,"SP6, ST36, Sishencong, Taiyang","[""SP6"", ""ST36"", ""Sishencong"", ""Taiyang""]","[""SP6"", ""ST36"", ""SISHENCONG"", ""TAIYANG""]",[]
2016_acupuncture_SR,9,Lu YY,2008,Acupuncture,"GV20, HT7, BL23, KI3, PC6, GV11, GV16, GV24","[""GV20"", ""HT7"", ""BL23"", ""KI3"", ""PC6"", ""GV11"", ""GV16"", ""GV24""]","[""GV20"", ""HT7"", ""BL23"", ""KI3"", ""PC6"", ""GV11"", ""GV16"", ""GV24""]",[]
2016_acupuncture_SR,10,Luo WZ,2006,Acupuncture,"GV20, HT7, LI4, LR3. Yintang","[""GV20"", ""HT7"", ""LI4"", ""LR3. Yintang""]","[""GV20"", ""HT7"", ""LI4"", ""LR3"", ""YINTANG""]",[]
2016_acupuncture_SR,11,Song Q,2007,Acupuncture,"GV20, Sishencong","[""GV20"", ""Sishencong""]","[""GV20"", ""SISHENCONG""]",[]
2016_acupuncture_SR,12,Su D,2011,Acupuncture,"HT7, SP6, ST36, HT5, BL15, BL20 or BL15, BL19, PC7 or KI1, KI3, LR3","[""HT7"", ""SP6"", ""ST36"", ""HT5"", ""BL15"", ""BL20 or BL15"", ""BL19"", ""PC7 or KI1"", ""KI3"", ""LR3""]","[""HT7"", ""SP6"", ""ST36"", ""HT5"", ""BL15"", ""BL19"", ""KI3"", ""LR3""]","[""BL20 or BL15"", ""PC7 or KI1""]"
2016_acupuncture_SR,13,Su J,2014,Acupuncture,"HT7, SP6, ST36, BL23, BL60, BL62, KI3, KI6, PC6, Sishencong","[""HT7"", ""SP6"", ""ST36"", ""BL23"", ""BL60"", ""BL62"", ""KI3"", ""KI6"", ""PC6"", ""Sishencong""]","[""HT7"", ""SP6"", ""ST36"", ""BL23"", ""BL60"", ""BL62"", ""KI3"", ""KI6"", ""PC6"", ""SISHENCONG""]",[]
2016_acupuncture_SR,14,Sun ZY,2010,Acupuncture,"SP6, KI1, KI3","[""SP6"", ""KI1"", ""KI3""]","[""SP6"", ""KI1"", ""KI3""]",[]
2016_acupuncture_SR,15,Tan Y,2012,Acupuncture,"HT7, SP6, Anmian","[""HT7"", ""SP6"", ""Anmian""]","[""HT7"", ""SP6"", ""ANMIAN""]",[]
2016_acupuncture_SR,16,Tao HX,2009,Acupuncture,"SP6, PC6, Sishencong, Taiyang, Yintang","[""SP6"", ""PC6"", ""Sishencong"", ""Taiyang"", ""Yintang""]","[""SP6"", ""PC6"", ""SISHENCONG"", ""TAIYANG"", ""YINTANG""]",[]
2016_acupuncture_SR,17,Tu JH,2012,Acupuncture,"HT7, ST36","[""HT7"", ""ST36""]","[""HT7"", ""ST36""]",[]
2016_acupuncture_SR,18,Wang LL,2012,Acupuncture,"GV20, HT7, SP6, ST25, ST36, BL15,BL18, BL19, BL20, BL21, BL23, BL24, BL26, BL40, BL57, PC6, LR3, GV4, GV14, GV24, CV4, CV6, CV12, Anmian","[""GV20"", ""HT7"", ""SP6"", ""ST25"", ""ST36"", ""BL15"", ""BL18"", ""BL19"", ""BL20"", ""BL21"", ""BL23"", ""BL24"", ""BL26"", ""BL40"", ""BL57"", ""PC6"", ""LR3"", ""GV4"", ""GV14"", ""GV24"", ""CV4"", ""CV6"", ""CV12"", ""Anmian""]","[""GV20"", ""HT7"", ""SP6"", ""ST25"", ""ST36"", ""BL15"", ""BL18"", ""BL19"", ""BL20"", ""BL21"", ""BL23"", ""BL24"", ""BL26"", ""BL40"", ""BL57"", ""PC6"", ""LR3"", ""GV4"", ""GV14"", ""GV24"", ""CV4"", ""CV6"", ""CV12"", ""ANMIAN""]",[]
2016_acupuncture_SR,19,Xia XF,2012,Acupuncture,"GV20, BL15, BL23, GV4, GV9, GV10, GV11, GV14, GV16, GV17, GV24, GV26, CV6, CV12, CV14, CV15, CV17, CV24, Yintang","[""GV20"", ""BL15"", ""BL23"", ""GV4"", ""GV9"", ""GV10"", ""GV11"", ""GV14"", ""GV16"", ""GV17"", ""GV24"", ""GV26"", ""CV6"", ""CV12"", ""CV14"", ""CV15"", ""CV17"", ""CV24"", ""Yintang""]","[""GV20"", ""BL15"", ""BL23"", ""GV4"", ""GV9"", ""GV10"", ""GV11"", ""GV14"", ""GV16"", ""GV17"", ""GV24"", ""GV26"", ""CV6"", ""CV12"", ""CV14"", ""CV15"", ""CV17"", ""CV24"", ""YINTANG""]",[]
2016_acupuncture_SR,20,Xiong JW,2011,Acupuncture,"GV20, HT7, SP6, LI10, ST36, BL2, PC6,TE17","[""GV20"", ""HT7"", ""SP6"", ""LI10"", ""ST36"", ""BL2"", ""PC6"", ""TE17""]","[""GV20"", ""HT7"", ""SP6"", ""LI10"", ""ST36"", ""BL2"", ""PC6"", ""TE17""]",[]
2016_acupuncture_SR,21,Xuan YB,2007,Acupuncture,"GV20, HT7, SP6, GV24, Sishencong","[""GV20"", ""HT7"", ""SP6"", ""GV24"", ""Sishencong""]","[""GV20"", ""HT7"", ""SP6"", ""GV24"", ""SISHENCONG""]",[]
2016_acupuncture_SR,22,Yao W,2014,Electroacupuncture,"GV20, HT7, SP6, BL62, KI6, PC6, LR3, Anmian, Sishencong, Taiyang, Yintang","[""GV20"", ""HT7"", ""SP6"", ""BL62"", ""KI6"", ""PC6"", ""LR3"", ""Anmian"", ""Sishencong"", ""Taiyang"", ""Yintang""]","[""GV20"", ""HT7"", ""SP6"", ""BL62"", ""KI6"", ""PC6"", ""LR3"", ""ANMIAN"", ""SISHENCONG"", ""TAIYANG"", ""YINTANG""]",[]
2016_acupuncture_SR,23,Yeung WF,2009,Electroacupuncture,"GV20, Anmian, Sishencong, Yintang;
Ear points: shenmen","[""GV20"", ""Anmian"", ""Sishencong"", ""Yintang"", ""Ear points: shenmen""]","[""GV20"", ""ANMIAN"", ""SISHENCONG"", ""YINTANG"", ""EAR_SHENMEN""]",[]
2016_acupuncture_SR,24,You L,2010,Acupuncture + ear acupressure + warm needle,"GV20, HT7, SP6, LI10, ST36, BL2, PC6, TE17;
Ear points: heart, kidney, shenmen, spleen, sympathetic","[""GV20"", ""HT7"", ""SP6"", ""LI10"", ""ST36"", ""BL2"", ""PC6"", ""TE17"", ""Ear points: heart"", ""kidney"", ""shenmen"", ""spleen"", ""sympathetic""]","[""GV20"", ""HT7"", ""SP6"", ""LI10"", ""ST36"", ""BL2"", ""PC6"", ""TE17"", ""EAR_HEART"", ""EAR_KIDNEY"", ""EAR_SHENMEN"", ""EAR_SPLEEN"", ""EAR_SYMPATHETIC""]",[]
2016_acupuncture_SR,25,Yu DS,2012,Acupuncture + moxa,"HT7, BL15, BL23, KI1, KI3, PC6; moxa:KI1","[""HT7"", ""BL15"", ""BL23"", ""KI1"", ""KI3"", ""PC6"", ""moxa:KI1""]","[""HT7"", ""BL15"", ""BL23"", ""KI1"", ""KI3"", ""PC6""]",[]
2016_acupuncture_SR,26,Yu F,2010,Acupuncture + ear acupressure,"GV20, HT7, SP6, BL62, KI6, PC6, Anmian, Sishencong, Yintang;
Ear points: heart, kidney, liver, shenmen, spleen, subcortex, sympathetic","[""GV20"", ""HT7"", ""SP6"", ""BL62"", ""KI6"", ""PC6"", ""Anmian"", ""Sishencong"", ""Yintang"", ""Ear points: heart"", ""kidney"", ""liver"", ""shenmen"", ""spleen"", ""subcortex"", ""sympathetic""]","[""GV20"", ""HT7"", ""SP6"", ""BL62"", ""KI6"", ""PC6"", ""ANMIAN"", ""SISHENCONG"", ""YINTANG"", ""EAR_HEART"", ""EAR_KIDNEY"", ""EAR_LIVER"", ""EAR_SHENMEN"", ""EAR_SPLEEN"", ""EAR_SUBCORTEX"", ""EAR_SYMPATHETIC""]",[]
2016_acupuncture_SR,27,Zhang HY,2013,Acupuncture,"GV20, HT7, PC6, Sishencong","[""GV20"", ""HT7"", ""PC6"", ""Sishencong""]","[""GV20"", ""HT7"", ""PC6"", ""SISHENCONG""]",[]
2016_acupuncture_SR,28,Zhu MM,2012,Acupuncture + ear acupressure,"GV20, HT7, CV4, CV6, CV10, CV12,Yintang;
Ear points: shenmen, sympathetic, occiput, brain,hypothysis","[""GV20"", ""HT7"", ""CV4"", ""CV6"", ""CV10"", ""CV12"", ""Yintang"", ""Ear points: shenmen"", ""sympathetic"", ""occiput"", ""brain"", ""hypothysis""]","[""GV20"", ""HT7"", ""CV4"", ""CV6"", ""CV10"", ""CV12"", ""YINTANG"", ""EAR_SHENMEN"", ""EAR_SYMPATHETIC"", ""EAR_OCCIPUT"", ""EAR_BRAIN"", ""EAR_HYPOPHYSIS""]",[]
2016_acupuncture_SR,29,Wang YY,2015,Acupuncture,"GV20, HT7, SP6, PC6, BL13, BL15, BL18,BL20, BL23, BL24, BL26, BL62, Yintang,ST25, KI6","[""GV20"", ""HT7"", ""SP6"", ""PC6"", ""BL13"", ""BL15"", ""BL18"", ""BL20"", ""BL23"", ""BL24"", ""BL26"", ""BL62"", ""Yintang"", ""ST25"", ""KI6""]","[""GV20"", ""HT7"", ""SP6"", ""PC6"", ""BL13"", ""BL15"", ""BL18"", ""BL20"", ""BL23"", ""BL24"", ""BL26"", ""BL62"", ""YINTANG"", ""ST25"", ""KI6""]",[]
2020_acupuncture_SR,1,Chung,2015,Electroacupuncture/ Minimal Acupuncture/ invasive (Streitberger needle),"EX-HN3, GV20, Ear Shenmen(bilateral), EX-HN1(EX-HN2은 논문 오타인듯), PC6, SP6, EX-HN22","[""EX-HN3"", ""GV20"", ""Ear Shenmen(bilateral)"", ""EX-HN1(EX-HN2은 논문 오타인듯)"", ""PC6"", ""SP6"", ""EX-HN22""]","[""EX-HN3"", ""GV20"", ""EAR_SHENMEN"", ""EX-HN1"", ""PC6"", ""SP6"", ""EX-HN22""]",[]
2020_acupuncture_SR,2,Chung,2018,Electroacupuncture/ waitlist,"EX-HN1, EX-HN22, PC6, HT7, SP6, Ear Shenmen, EX-HN3(unilaterally), GV20","[""EX-HN1"", ""EX-HN22"", ""PC6"", ""HT7"", ""SP6"", ""Ear Shenmen"", ""EX-HN3(unilaterally)"", ""GV20""]","[""EX-HN1"", ""EX-HN22"", ""PC6"", ""HT7"", ""SP6"", ""EAR_SHENMEN"", ""EX-HN3"", ""GV20""]",[]
2020_acupuncture_SR,3,Dong,2018,Acupuncture/nontherapeutic appoint,"EX-HN3, GV20, DU14","[""EX-HN3"", ""GV20"", ""DU14""]","[""EX-HN3"", ""GV20"", ""GV14""]",[]
2020_acupuncture_SR,4,Fu,2017,Acupuncture/ invasive (Streitberger needle),"BL23(bilateral), BL18(bilateral), LR14(unilateral), GB25(unilateral)","[""BL23(bilateral)"", ""BL18(bilateral)"", ""LR14(unilateral)"", ""GB25(unilateral)""]","[""BL23"", ""BL18"", ""LR14"", ""GB25""]",[]
2020_acupuncture_SR,5,Guo,2017,Acupuncture/nontherapeutic appoint,"GV20, DU24, EX-HN1, BG13, HT7, PC6, SP6","[""GV20"", ""DU24"", ""EX-HN1"", ""BG13"", ""HT7"", ""PC6"", ""SP6""]","[""GV20"", ""GV24"", ""EX-HN1"", ""BG13"", ""HT7"", ""PC6"", ""SP6""]",[]
2020_acupuncture_SR,6,Lo,2013,Magnetic Pearls Attachment/non- penetrating stimulation,"(Ear) Shenmen, Heart, Kidney, Spleen, Liver, Subcortex, Occiput","[""(Ear) Shenmen"", ""Heart"", ""Kidney"", ""Spleen"", ""Liver"", ""Subcortex"", ""Occiput""]","[""EAR_SHENMEN"", ""EAR_HEART"", ""EAR_KIDNEY"", ""EAR_SPLEEN"", ""EAR_LIVER"", ""EAR_SUBCORTEX"", ""EAR_OCCIPUT""]",[]
2020_acupuncture_SR,7,Luo,2017,Acupuncture/nontherapeutic appoint,"GV20(bilateral), EX-HN3, LI4, LR3, HT7, SP6, EX-HN22, BL18, BL15","[""GV20(bilateral)"", ""EX-HN3"", ""LI4"", ""LR3"", ""HT7"", ""SP6"", ""EX-HN22"", ""BL18"", ""BL15""]","[""GV20"", ""EX-HN3"", ""LI4"", ""LR3"", ""HT7"", ""SP6"", ""EX-HN22"", ""BL18"", ""BL15""]",[]
2020_acupuncture_SR,8,Yeung,2009,Electroacupuncture/ invasive (Streitberger needle),"EX-HN3, GV20,  Ear Shenmen(bilateral), EX-HN1, EX-HN22","[""EX-HN3"", ""GV20"", ""Ear Shenmen(bilateral)"", ""EX-HN1"", ""EX-HN22""]","[""EX-HN3"", ""GV20"", ""EAR_SHENMEN"", ""EX-HN1"", ""EX-HN22""]",[]
2020_acupuncture_SR,9,Yeung,2011,Electroacupuncture/ Minimal Acupuncture/ invasive (Streitberger needle),"EX-HN3, GV20,  Ear Shenmen(bilateral), EX-HN1, EX-HN22","[""EX-HN3"", ""GV20"", ""Ear Shenmen(bilateral)"", ""EX-HN1"", ""EX-HN22""]","[""EX-HN3"", ""GV20"", ""EAR_SHENMEN"", ""EX-HN1"", ""EX-HN22""]",[]
2020_acupuncture_SR,10,Yin,2017,Electroacupuncture/ invasive,"GV20, GV24, GV29, EX-HN22(bilateral), HT7(bilateral), SP6","[""GV20"", ""GV24"", ""GV29"", ""EX-HN22(bilateral)"", ""HT7(bilateral)"", ""SP6""]","[""GV20"", ""GV24"", ""GV29"", ""EX-HN22"", ""HT7"", ""SP6""]",[]
2020_acupuncture_SR,11,Zhang,2019,Acupuncture/nontherapeutic appoint,"RN13, RN12, RN10, RN6, ST36(bilateral), ST25(bilateral), PC6(bilateral)","[""RN13"", ""RN12"", ""RN10"", ""RN6"", ""ST36(bilateral)"", ""ST25(bilateral)"", ""PC6(bilateral)""]","[""CV13"", ""CV12"", ""CV10"", ""CV6"", ""ST36"", ""ST25"", ""PC6""]",[]
2020_acupuncture_SR,12,Zhang,2020,Active acupuncture/ invasive (Park Sham Acupuncture),"EX-HN22(bilateral), PC6(bilateral), HT7(bilateral), LI4(bilateral), ST36(bilateral), KI6(bilateral), BL62(bilateral), LR3(bilateral)","[""EX-HN22(bilateral)"", ""PC6(bilateral)"", ""HT7(bilateral)"", ""LI4(bilateral)"", ""ST36(bilateral)"", ""KI6(bilateral)"", ""BL62(bilateral)"", ""LR3(bilateral)""]","[""EX-HN22"", ""PC6"", ""HT7"", ""LI4"", ""ST36"", ""KI6"", ""BL62"", ""LR3""]",[]
2020_acupuncture_SR,15,Zou,2015,Auricular acupressure/nontherapeutic appoint,"(Ear) Shenmen(TF4), Sympathetic autonomic(AH6a), Subcortex(AT4), Heart(CO15), Endocrine(CO18)","[""(Ear) Shenmen(TF4)"", ""Sympathetic autonomic(AH6a)"", ""Subcortex(AT4)"", ""Heart(CO15)"", ""Endocrine(CO18)""]","[""EAR_SHENMEN"", ""EAR_SYMPATHETIC"", ""EAR_SUBCORTEX"", ""EAR_HEART"", ""EAR_ENDOCRINE""]",[]
