node,system,frequency,dim_1,dim_2,dim_3,dim_4,dim_5,dim_6,dim_7,dim_8,dim_9,dim_10,dim_11,dim_12,dim_13,dim_14,dim_15,dim_16
HT7,body,42,-0.465150,-0.389614,-0.230414,0.187638,0.819028,0.282877,0.048663,-0.607411,-0.432995,0.780611,0.411812,0.699301,-1.081236,-0.217095,-0.130587,0.529396
GV20,body,36,-0.327017,-0.042690,-0.254548,0.286568,0.579271,-0.121009,0.080932,-0.094619,-0.068193,0.232755,0.389338,0.530198,-1.035762,-0.705391,-0.186395,0.096763
SP6,body,30,-0.224507,-0.131576,-0.085131,0.342507,0.456296,-0.219932,-0.282249,-0.729756,0.210480,0.644479,0.184112,0.507432,-1.042069,-0.577952,-0.382030,1.004027
PC6,body,26,0.111348,-0.328739,-0.025792,0.513856,0.788175,-0.072000,-0.102903,-0.489319,-0.098849,0.470789,0.226045,0.939277,-0.825786,-0.632187,-0.204911,0.645134
EAR_SHENMEN,ear,17,-0.034279,-0.557583,0.519666,0.277514,0.484395,-0.450069,0.317886,-0.620972,-0.442468,1.377695,0.608746,0.408888,-0.895592,-1.275765,-0.248987,0.642803
ST36,body,16,0.186872,-0.123419,-0.188307,0.376014,0.985100,0.105568,-0.181099,-0.661236,0.223325,0.630080,-0.175865,0.255499,-0.810340,-0.288384,-0.437117,0.379855
GV24,body,14,-0.065854,-0.594345,-0.114466,0.106788,0.619571,-0.108839,-0.175253,0.203011,0.355063,0.586085,0.540213,0.197077,-0.259622,-0.278183,-0.157867,0.241869
EX-HN22,body,13,-0.003832,-0.809809,-0.566150,0.350210,0.846194,0.264529,-0.376122,-0.250523,0.075336,1.366898,0.584958,0.397009,-0.621674,-0.836078,0.147123,0.676475
SISHENCONG,body,13,-0.251345,-0.090446,-0.296753,0.228289,0.922368,-0.144052,-0.000479,-0.783133,-0.518511,0.377696,0.400838,0.309787,-0.848395,-0.870912,0.128170,0.815055
BL15,body,12,-0.265111,0.128181,-0.396790,0.381912,0.342572,0.787748,-0.159153,-0.049978,0.431175,0.626944,0.131330,0.169247,-0.741126,-0.127623,-0.032893,0.406989
BL23,body,12,-0.799881,0.080520,-0.282622,0.125890,0.441513,0.189557,-0.424755,-0.289669,0.591360,0.559945,0.209868,0.413913,-0.413910,-0.173993,0.080789,0.183523
KI6,body,11,-0.420220,-0.510081,-0.066066,0.280148,0.534504,-0.192449,-0.616626,-0.140387,-0.098244,0.481338,0.283458,0.210115,-1.022246,-0.541930,-0.131912,0.627711
BL62,body,10,-0.426834,-0.186562,-0.328264,0.071516,0.641048,-0.118153,-0.170417,-0.020831,0.024115,0.681532,0.389422,0.008835,-0.487541,-0.309902,-0.412977,0.581822
EAR_HEART,ear,10,-0.180482,-0.631754,0.457788,0.314182,0.819844,-0.073949,0.903465,-0.974067,-0.324277,0.904910,0.423302,0.840853,-0.770844,-1.222373,-0.220804,0.793150
EX-HN1,body,10,-0.152473,-0.768721,-0.098575,0.300539,0.657540,0.284738,-0.247552,-0.137251,-0.388107,1.061260,0.091095,0.638359,-0.701954,-0.641212,0.025638,0.596537
EX-HN3,body,10,-0.546327,-0.977222,0.351353,0.833086,0.286942,0.178678,-0.192914,-0.512458,-0.199407,1.399003,-0.064431,0.422630,-0.561952,-0.643443,-0.473132,0.663160
LR3,body,10,-0.136215,-0.328792,0.181347,0.117762,0.944597,0.055076,-0.521146,-0.444175,0.150265,1.062413,0.111908,0.345410,-0.528187,-0.292735,-0.224751,0.655442
EAR_KIDNEY,ear,9,-0.467677,-0.692033,0.383801,0.176991,0.646931,-0.068479,0.912061,-0.683264,-0.122200,1.051532,0.561981,0.443111,-0.792884,-1.508337,-0.405101,0.788654
EAR_SPLEEN,ear,9,-0.033120,-0.674912,0.298388,-0.290453,0.851361,0.094568,0.970727,-1.012109,0.032956,1.211629,0.314847,0.308157,-0.768160,-1.350946,-0.200301,0.842597
KI3,body,9,0.071546,-0.201425,-0.109687,0.565036,0.903446,0.225158,-0.665192,-0.641277,0.003160,0.983271,0.076086,0.290536,-0.544886,-0.394705,-0.392582,0.545408
YINTANG,body,9,0.334771,-0.586816,0.172904,0.879228,0.629175,0.000860,0.342286,-0.531790,-0.001269,-0.057196,0.646095,0.468054,-0.636226,-0.675949,-0.184265,0.902177
CV12,body,8,0.175441,-0.426994,0.227305,0.760139,0.399247,-0.358557,0.391257,-0.646077,0.564448,0.257778,-0.212831,0.977307,-0.407071,-0.674210,0.104315,0.694740
EAR_LIVER,ear,8,-0.280002,-0.617601,0.525637,-0.024578,0.668691,-0.265377,0.937852,-0.924939,-0.063229,0.908279,0.312162,0.376233,-0.667369,-1.435640,-0.534136,0.790101
ANMIAN,body,7,0.028700,-0.273051,-0.071797,0.094058,1.255981,0.072490,0.016379,-0.631851,-0.331048,0.373111,0.094473,0.147297,-0.872652,-0.510525,0.119853,0.692655
BL18,body,7,-0.696240,-0.010762,0.395265,0.556770,0.550925,0.623283,-0.418404,-0.098351,0.528821,0.347984,0.244431,-0.037840,-0.047983,-0.181056,0.173237,0.192703
EAR_SUBCORTEX,ear,7,0.048266,-1.156668,0.508043,0.263640,0.974476,-0.446737,1.225128,-1.001640,-0.295728,0.874738,0.203672,0.689891,-0.477293,-1.197501,-0.338918,0.779476
BL20,body,6,-0.156851,0.337645,-0.193355,0.657655,0.401496,-0.288345,-0.226588,0.025612,0.266375,0.854655,0.476482,0.257393,-0.340322,-0.381746,-0.350053,0.448142
CV6,body,6,0.259424,-0.207214,0.204893,0.427453,0.531815,-0.237071,0.414583,-0.265102,0.620296,0.112591,-0.161090,0.528759,-0.707497,-0.210829,0.168856,0.586018
EAR_SYMPATHETIC,ear,6,0.116133,-0.815084,0.202194,0.054511,0.819905,-0.236826,0.680615,-0.871077,0.122684,0.947376,0.201399,0.807676,-0.733624,-1.324734,0.106718,0.632081
CV4,body,5,0.394083,-0.552940,0.199078,0.639433,0.698706,-0.284789,0.117302,-0.680924,0.342550,0.454638,-0.384839,0.359326,-0.708188,-0.382222,-0.043664,0.796766
EAR_OCCIPUT,ear,5,-0.253029,-0.748435,0.944588,0.308493,0.747763,-0.025694,1.291553,-0.969689,-0.083875,0.953575,0.203175,0.714366,-0.523871,-1.252549,-0.024622,0.612047
GV14,body,5,-0.346567,0.344448,0.116029,0.129185,0.660239,0.171660,0.215306,0.489394,0.466026,0.229809,0.052545,0.187204,-0.364673,-0.152588,0.680988,0.436772
KI1,body,5,-0.087089,-0.321287,-0.466106,0.571518,0.882813,-0.158262,-0.791900,-0.695505,0.144982,1.273679,0.249530,0.554601,-1.085021,-0.574979,-0.262137,0.609967
CV10,body,4,0.690173,-0.747429,0.681425,0.519415,0.902739,-0.368103,0.561181,-0.812823,0.658602,0.401124,-0.004090,0.916291,-0.706371,-0.743003,0.227610,1.133743
GV11,body,4,-0.564567,0.090282,0.038359,0.587047,0.814750,0.082577,0.191940,0.458019,0.176465,-0.225463,-0.106107,0.383289,-0.414274,-0.067561,0.413868,0.409162
GV16,body,4,-0.350856,0.299131,0.004012,0.356387,0.471285,-0.232979,0.320017,0.148339,0.426118,0.217364,-0.096402,0.303560,-0.157617,-0.148708,0.445051,0.635153
GV17,body,4,-0.464116,0.408602,0.047311,0.392259,0.730338,-0.355120,-0.054846,0.275480,0.269140,0.089903,0.194389,0.090253,-0.181686,-0.243444,0.480610,0.686861
LI4,body,4,-0.250515,-0.490950,-0.081466,0.614274,0.506972,0.302552,-0.584515,-0.571786,-0.147374,0.867580,0.084029,0.653524,-1.037327,-0.415395,-0.207672,0.335832
BL19,body,3,-0.123021,0.334698,-0.082298,0.030879,0.727051,-0.195654,0.279649,0.377195,0.427247,0.042012,0.109566,-0.077670,-0.503130,-0.221268,0.032628,0.420423
BL2,body,3,-0.440629,-0.069656,-0.175550,0.048777,0.610147,-0.272600,0.378573,0.409765,-0.003302,0.693104,0.400308,-0.356781,-0.395367,-0.430735,-0.195560,-0.038023
BL21,body,3,-0.540073,0.339368,0.198465,0.465303,0.507227,0.041832,0.013926,0.111964,0.414540,0.568212,0.137877,0.207634,-0.395052,0.003774,0.460107,0.154532
BL24,body,3,-0.250943,0.307476,0.068949,0.511315,0.630570,0.129915,0.234576,0.088992,0.519524,0.207469,-0.164691,-0.125875,-0.511727,-0.043071,0.069139,0.152436
BL26,body,3,-0.506686,0.146320,-0.047744,0.646990,0.711888,0.099863,0.015097,0.407711,0.500453,0.461392,0.057842,0.034983,-0.300011,0.218363,0.059288,0.071845
EAR_ENDOCRINE,ear,3,-0.332083,-0.961679,0.037319,0.087169,0.757920,-0.119497,0.984575,-0.502226,-0.231324,1.203880,0.398510,0.533945,-1.122756,-1.551205,-0.643485,0.714937
EX-HN5,body,3,-0.030502,-0.992793,0.482597,0.517864,0.409425,0.199654,0.322924,-0.515963,-0.256218,1.291494,0.178777,0.561691,-0.940371,-0.940841,-0.693296,0.587190
GV4,body,3,-0.322704,0.281846,-0.073594,0.370071,0.778970,-0.098407,0.639049,-0.056088,0.381844,0.069798,-0.231818,0.333504,-0.072900,-0.030098,0.381640,0.402157
ST25,body,3,0.302085,0.165431,0.265060,0.345712,0.632932,-0.343242,0.029286,-0.503405,0.510669,0.345181,-0.198866,0.405035,-0.712492,0.023435,-0.027529,0.777938
TAIYANG,body,3,-0.084275,-0.196159,-0.374535,0.306066,1.128384,-0.001577,-0.371370,-1.089038,-0.041169,0.415751,0.294972,0.556403,-1.136532,-0.691164,0.221168,0.789267
BL13,body,2,-0.631640,0.261745,0.059022,0.516157,0.848487,-0.166838,-0.167012,0.381285,0.323354,0.181890,0.194371,-0.176327,-0.329501,-0.040021,0.088111,0.340363
BL40,body,2,-0.462399,0.192506,0.443904,0.389542,0.582247,0.324735,0.219480,0.104545,0.627376,0.007651,0.385363,0.017939,-0.426981,0.054426,0.030774,0.332243
BL57,body,2,-0.319874,0.326904,0.128708,0.425155,0.408868,-0.074621,0.181605,0.326751,0.617416,0.269434,0.054210,0.154883,-0.431328,0.070550,0.051626,0.492522
BL60,body,2,-0.758456,0.734870,0.055872,0.054178,0.633015,0.070713,-0.004851,0.655002,0.007153,0.364323,0.587115,0.024924,-0.668060,0.021994,0.034229,-0.012638
EAR_GALLBLADDER,ear,2,-0.151350,-1.053480,0.755976,-0.125362,0.871968,-0.358263,1.544582,-0.598206,-0.329137,1.113352,0.300276,0.476720,-0.748351,-1.769174,-0.606751,0.962636
GB20,body,2,0.167128,-0.464183,-0.375745,0.247268,0.905407,-0.090070,-0.326803,-0.480949,-0.413076,0.828669,0.494852,0.443053,-1.151345,-0.857251,-0.266409,0.891236
GB43,body,2,-0.559064,-0.062302,-0.268802,0.531012,0.752971,0.278232,-0.937146,-0.403932,0.157943,0.735754,0.152642,0.126596,-0.882862,-0.179099,-0.013263,0.179850
GV10,body,2,-0.561245,0.355934,0.462831,0.615890,0.534219,-0.238077,0.276831,0.261574,0.365329,-0.033871,-0.146324,0.150101,-0.410813,-0.233744,0.404687,0.444106
GV18,body,2,-0.527775,0.463655,0.392707,0.131373,0.769773,-0.316120,0.114463,0.831713,0.457452,0.314746,0.128358,0.169628,-0.249889,0.295406,-0.068106,0.401095
GV26,body,2,-0.366866,0.220157,0.116826,0.346705,0.781534,-0.107365,0.139419,0.383274,0.528465,0.344482,-0.358413,-0.015308,-0.470880,-0.142731,0.632565,0.306951
GV9,body,2,-0.445319,0.044003,0.367498,0.396180,0.597326,-0.131652,0.073430,0.269533,0.406711,0.364090,0.144513,0.265705,-0.286923,0.150684,0.260805,0.121360
LI10,body,2,-0.136247,-0.605078,-0.131858,0.110005,0.877201,-0.200345,0.437541,-0.522161,-0.513013,0.948336,0.480222,0.370600,-0.601739,-1.228853,-0.499051,0.801131
TE17,body,2,-0.351703,-0.469979,-0.105769,0.016389,0.953591,-0.223733,0.585517,-0.198227,-0.576960,0.892926,0.238542,0.503839,-0.628238,-0.890397,-0.432112,0.612013
BG13,body,1,-0.215329,-0.160162,-0.215952,0.338976,0.723121,0.026741,-0.449208,-0.590780,0.120286,0.708653,0.208140,0.539016,-0.888083,-0.622300,0.110538,0.465521
BL10,body,1,-0.775732,0.464730,0.466584,0.412958,0.904926,-0.113608,0.337371,0.694355,0.408765,0.410000,-0.123805,0.006085,-0.691485,0.263974,0.046673,-0.152809
BL11,body,1,-0.430665,0.462218,0.123391,0.184640,0.922290,0.075370,0.469481,0.799421,0.403584,0.324146,0.163265,-0.268351,-0.274588,-0.086233,-0.227965,0.493639
BL12,body,1,-0.396854,0.415091,0.318294,0.524046,0.748850,0.046095,0.357952,0.439389,0.277217,0.024002,-0.044170,0.088797,-0.266039,-0.068573,-0.082213,0.632429
BL14,body,1,-0.364059,0.345798,0.761012,0.410301,0.823114,0.327594,0.130394,0.630138,-0.152786,0.579973,-0.168170,-0.156275,-0.370788,0.189608,-0.005237,0.341670
BL16,body,1,-0.548064,0.740734,0.082843,0.178721,0.911329,0.279887,0.376226,0.613473,0.560262,0.613938,-0.058264,-0.085228,-0.260814,0.436988,0.113637,0.583708
BL17,body,1,-0.935614,0.492848,0.393577,0.458325,0.813117,0.086043,0.364122,0.839403,0.406960,0.114667,-0.267498,-0.010302,-0.433372,-0.105848,-0.126335,0.150768
BL22,body,1,-0.715883,0.449147,0.254355,0.307390,0.582181,-0.211006,0.167714,0.767444,0.284431,0.245516,0.155471,-0.005113,-0.630930,-0.069624,0.318138,0.280556
BL25,body,1,-0.772270,0.453349,0.100049,0.548660,0.809204,-0.019612,0.497099,0.643063,0.352314,-0.058753,-0.251387,-0.061853,-0.264131,0.043119,-0.078873,0.423270
BL27,body,1,-0.616672,0.406837,0.463452,0.326528,0.920971,0.144515,0.353484,0.640485,0.207282,0.218648,-0.151043,-0.230456,-0.392675,0.096590,0.146727,0.201489
BL28,body,1,-0.698570,0.820169,0.078247,0.422138,0.629916,0.011296,0.228554,0.671134,0.423730,0.326136,-0.242564,-0.092653,-0.286494,-0.079069,0.001268,0.449745
BL29,body,1,-0.482747,0.374361,0.308917,0.282655,0.651483,-0.038531,-0.097695,0.806343,0.224980,0.250653,0.155325,0.075958,-0.574011,-0.017012,-0.085210,0.414968
BL3,body,1,-0.713114,0.555687,0.252121,0.621397,0.871401,-0.012769,0.254459,0.806266,0.298015,0.155268,-0.094988,-0.040217,-0.364095,-0.009968,-0.222393,0.263994
BL30,body,1,-0.691767,0.371605,0.016909,0.120194,0.825430,0.029003,0.649525,0.650649,0.273023,0.208799,-0.259207,-0.002587,-0.241659,-0.121093,0.508461,0.261645
BL31,body,1,-0.804418,0.505274,0.164552,0.587117,0.988865,0.092152,0.262939,0.663001,-0.052706,0.257295,0.121677,0.241066,-0.348571,0.439160,-0.296919,0.134667
BL32,body,1,-0.793704,0.494552,0.414898,0.361080,0.703741,-0.119363,0.155716,0.674851,0.549814,0.230643,0.168223,-0.080275,-0.282859,-0.200016,0.040099,0.019250
BL33,body,1,-0.441940,0.670013,0.342353,0.303744,0.527108,-0.297641,0.129646,0.582211,0.533143,0.337938,0.216689,0.381080,-0.253811,0.383300,0.109837,0.606330
BL34,body,1,-0.394732,0.484938,0.560107,0.556991,0.645392,0.214836,0.449747,0.388495,0.289379,0.265962,-0.158449,0.277802,-0.361249,-0.047291,0.048393,0.214080
BL35,body,1,-0.335208,0.157333,0.009883,0.121329,0.682989,-0.131131,0.281038,0.483509,0.114727,0.484700,-0.039575,0.021931,-0.413860,0.103462,-0.183705,0.468408
BL36,body,1,-0.792675,0.458868,0.063569,0.500932,0.878863,0.200626,0.488364,0.646985,0.514247,0.310967,-0.148701,-0.114323,-0.223288,0.178122,-0.015452,0.225158
BL37,body,1,-0.644491,0.503724,0.205388,0.333642,0.763184,-0.010632,0.226445,0.618779,0.578179,0.397497,-0.233669,0.105567,-0.410081,0.241068,0.070884,0.051889
BL38,body,1,-0.367595,0.567631,0.460309,0.377256,0.571675,0.012918,0.288036,0.549652,0.402099,0.430403,-0.113379,0.448645,-0.167958,-0.090978,0.243741,0.077569
BL39,body,1,-0.756423,0.320038,0.219717,0.209169,0.824605,-0.020402,0.272343,0.620988,0.072004,0.307869,0.217050,0.211860,-0.194443,0.048994,-0.019059,0.124190
BL4,body,1,-1.017608,0.635151,0.361681,0.357683,0.639092,-0.068329,0.380430,0.510312,0.438154,0.362769,-0.012787,-0.069954,-0.528998,0.114917,0.039408,0.136813
BL41,body,1,-0.734039,0.344447,0.355463,0.543538,0.727377,-0.150073,0.229206,0.774535,0.427682,0.379769,0.001513,0.015845,-0.383391,-0.065232,0.079574,0.015031
BL42,body,1,-0.476535,0.676504,0.286576,0.551703,0.981424,-0.150047,0.089309,0.971622,0.078765,0.503947,0.231496,0.182203,0.067467,0.242344,-0.264196,0.416442
BL43,body,1,-0.665131,0.426845,0.346844,0.320959,1.016838,0.115394,0.164912,0.441689,0.480777,0.103824,0.048183,0.053117,-0.250649,0.129986,0.324378,0.006092
BL44,body,1,-0.754075,0.200506,0.510016,0.293646,0.762909,0.077552,0.529622,0.831847,0.280107,0.156577,0.180892,0.008562,-0.446712,0.241582,0.054914,0.310607
BL45,body,1,-0.709691,0.520555,0.339903,0.145558,0.785497,0.268867,0.212212,0.567693,0.202617,0.238303,0.028876,0.121466,-0.466734,0.257416,0.191735,0.434878
BL46,body,1,-0.691987,0.644508,0.317611,0.280385,1.059833,-0.219061,0.071242,0.307338,0.579417,0.351421,-0.129531,0.176625,-0.101413,0.033529,-0.150594,0.034165
BL47,body,1,-0.626209,0.459978,0.239860,0.461637,0.954278,-0.089749,0.066416,0.648691,0.471593,0.265843,-0.172747,-0.050212,-0.550886,0.096828,0.014519,0.044393
BL48,body,1,-0.574589,0.289555,0.225390,0.008693,1.144078,0.286463,0.297964,0.336730,0.284930,0.351162,0.019254,-0.016414,-0.358381,0.178384,0.167849,-0.052211
BL49,body,1,-0.641759,0.495524,0.306691,0.034082,1.001947,0.080503,0.289797,0.517659,0.364838,0.233487,-0.196361,-0.150207,-0.465899,0.076161,-0.091804,0.228146
BL5,body,1,-0.514128,0.105376,0.039543,0.547735,0.894125,0.023904,-0.127846,0.434702,0.112793,0.504939,0.060252,0.182525,-0.208056,0.116961,0.308833,0.207252
BL50,body,1,-0.523734,0.645125,0.085926,0.331734,0.761427,-0.165200,0.312826,0.770454,0.310933,0.404234,0.042392,0.201716,-0.546848,0.083582,0.170342,0.270998
BL51,body,1,-0.617217,0.583154,0.179269,0.531577,0.959375,-0.206995,0.000046,0.584220,0.207104,0.451774,0.096090,-0.140710,-0.393165,0.277196,0.016292,0.449839
BL52,body,1,-0.539991,0.669983,0.284988,0.559326,0.700042,-0.240105,0.289575,0.626485,0.503426,0.170247,-0.102292,-0.207214,-0.474851,-0.058011,-0.116850,0.150025
BL53,body,1,-0.754369,0.400103,0.267240,0.309388,0.787593,-0.239235,0.291818,0.482758,0.305835,0.220646,-0.213650,0.176749,-0.270351,0.432487,-0.041238,0.292353
BL54,body,1,-0.809109,0.288407,0.155171,0.714646,0.757799,0.225400,0.035040,0.449879,0.410329,0.101673,-0.032483,-0.296229,-0.311062,-0.058707,0.110054,0.441281
BL55,body,1,-0.847109,0.326655,0.498740,0.410520,0.779534,0.081386,0.184379,0.543941,0.219424,0.174838,0.001661,-0.030815,-0.387861,-0.007809,0.144761,0.137019
BL56,body,1,-0.813277,0.421967,0.115098,0.441291,0.640164,-0.320512,0.151684,0.760091,0.289673,0.223562,0.045926,0.232014,-0.301146,-0.150448,0.144522,0.299286
BL58,body,1,-0.789742,0.742506,0.368996,0.520694,0.557209,0.156746,0.328402,0.805957,0.392585,0.122739,-0.087350,0.023421,-0.430252,0.046948,0.052342,0.546008
BL59,body,1,-0.725920,0.425055,0.111635,0.311288,0.707921,-0.188257,0.385019,0.750586,0.461315,0.408200,0.049833,-0.053182,-0.379022,0.143510,-0.024148,0.109415
BL6,body,1,-0.671740,0.474941,0.046114,0.419654,0.579862,0.048149,0.124166,0.711142,0.163928,0.596529,-0.044036,0.003113,-0.423015,0.192254,0.042978,0.423942
BL61,body,1,-0.744784,0.382504,-0.034897,0.508387,0.739531,0.024022,0.321705,0.518966,0.646075,0.187532,0.092670,0.016794,-0.426096,-0.013822,0.079138,0.055820
BL63,body,1,-0.380596,0.495867,0.209686,0.397316,0.856458,-0.185122,0.142564,0.797146,0.363982,0.288562,-0.035260,-0.307920,-0.269226,-0.027192,-0.016976,0.219158
BL64,body,1,-0.899627,0.571586,0.469181,0.405781,0.703161,0.169702,0.231811,0.768804,0.295535,0.171849,-0.000287,-0.000584,-0.327330,-0.123749,0.082752,0.143562
BL65,body,1,-0.513922,0.380343,0.437658,0.267752,0.505328,-0.211830,0.370647,0.642550,0.236824,0.559196,-0.098599,0.158441,-0.379155,0.165171,0.002768,0.338921
BL66,body,1,-0.627629,0.472783,0.506210,0.441888,0.613104,0.089776,0.026463,0.792893,0.475625,0.407969,-0.143737,0.163470,-0.412209,0.052738,0.202588,0.074627
BL67,body,1,-0.879323,0.319684,0.240529,0.398462,0.901398,-0.062772,0.402513,0.909173,0.268742,0.243718,0.137340,-0.087870,-0.330436,0.105684,-0.287637,0.207755
BL7,body,1,-0.652652,0.202008,0.344513,0.151959,0.937774,0.343343,0.491699,0.476811,0.310298,0.152100,-0.067469,0.282438,-0.162342,0.163573,0.230380,0.306776
BL8,body,1,-0.913069,0.309065,0.513876,0.289084,0.973116,0.209316,0.304940,0.746487,0.169870,0.098626,0.151682,-0.116074,-0.409760,0.140886,-0.137662,0.286769
BL9,body,1,-0.792348,0.454303,0.319607,0.600037,0.556825,0.086902,0.018201,0.606154,0.456864,0.146947,-0.081509,0.016273,-0.386055,-0.011225,0.107902,0.489970
CV13,body,1,0.244667,-0.250161,0.361089,0.385224,0.597746,-0.043818,0.112782,-0.939142,0.585818,0.388178,0.324283,0.660973,-0.840848,-0.283147,0.436228,0.989249
CV14,body,1,-0.136806,-0.043549,0.056150,0.533745,0.647777,-0.149076,0.040778,-0.470721,0.533016,0.062106,0.031461,0.771097,-0.365266,-0.043459,0.843649,0.587758
CV15,body,1,-0.026081,-0.077626,0.086270,0.561107,0.809284,-0.046043,0.202750,-0.302819,0.451450,-0.091011,-0.027664,0.872077,-0.188977,0.088366,1.057543,0.856169
CV17,body,1,-0.135979,0.184883,0.252887,0.410512,0.720849,-0.345494,0.128297,0.048159,0.699285,-0.266667,0.113572,0.793323,-0.244272,0.029610,0.932768,0.752058
CV24,body,1,0.059363,-0.038433,0.278120,0.703734,0.670896,-0.493972,0.016836,-0.285901,0.435736,-0.090399,0.054348,0.876953,-0.097242,-0.281188,0.759225,0.699402
EAR_BRAIN,ear,1,0.245736,-0.569808,0.576888,0.139423,0.567680,-0.291441,0.871735,-0.947110,0.213190,0.555948,0.051261,0.807891,-0.595674,-1.026821,0.209354,0.997384
EAR_CORTICAL_AREAS,ear,1,0.042181,-1.019811,0.334532,0.186887,0.646780,-0.027332,0.558418,-0.559556,-0.413640,1.239695,0.381243,0.527446,-0.961474,-1.485599,-0.599406,0.920258
EAR_HYPOPHYSIS,ear,1,0.345749,-0.825955,0.538546,0.103922,0.740434,-0.254363,0.735818,-0.966781,0.306617,0.644776,0.185187,0.850867,-0.596839,-1.221667,0.272677,1.081300
EAR_LARGE_INTESTINE,ear,1,-0.287192,-1.050021,0.748996,0.004300,0.971562,-0.237749,1.378512,-0.645675,-0.442780,1.295103,0.442052,0.485223,-0.826929,-1.483101,-0.496394,0.858766
EAR_LUNG,ear,1,-0.003484,-1.021290,0.481489,-0.102977,0.804990,0.180797,0.510715,-0.337103,-0.442501,1.377779,0.293346,0.547068,-0.675194,-1.364268,-0.553302,0.841015
EAR_SANJIAO,ear,1,-0.275799,-0.948233,0.706210,0.033686,0.796711,-0.104816,1.417503,-0.658694,-0.310740,1.088032,0.459247,0.513952,-0.875944,-1.561732,-0.516408,0.697593
EAR_SMALL_INTESTINE,ear,1,-0.078823,-1.011686,0.732393,0.094070,0.937640,-0.388781,1.581808,-0.711236,-0.310142,1.101455,0.406062,0.512207,-0.903745,-1.682910,-0.535908,1.031022
EAR_STOMACH,ear,1,-0.267489,-0.840837,0.844009,0.159349,0.968106,-0.342460,1.606730,-0.630674,-0.207275,1.116126,0.272285,0.644561,-0.673147,-1.486076,-0.420749,0.901657
GB19,body,1,-0.076631,-0.358946,-0.640185,0.462095,0.887204,0.133669,-0.427900,-0.584024,0.069557,0.509764,0.353384,0.519364,-0.821004,-0.561998,0.124618,0.524747
GB25,body,1,-0.360770,0.148918,0.390764,1.143116,0.856156,0.470667,-1.007438,-0.429378,0.397181,0.184946,-0.043844,0.775485,-0.202413,0.297637,0.340847,0.531311
GB34,body,1,-0.029629,-0.052893,-0.419993,0.407724,0.847948,0.312901,-0.752546,-0.896592,0.028480,0.846840,0.328997,0.593192,-0.990800,-0.441380,-0.101522,0.671087
GB35,body,1,-0.283010,-0.064211,-0.362095,0.153779,1.017031,0.064026,-0.565470,-0.386172,-0.360817,0.591549,0.458572,0.220584,-0.944594,-0.659544,-0.320711,0.443040
GV1,body,1,-0.714128,0.714941,0.089860,0.329934,0.526136,0.010760,0.461377,0.210650,0.355152,0.410704,0.229632,0.099756,-0.358082,0.474696,0.157967,0.197168
GV12,body,1,-0.641042,0.235097,0.168896,0.348169,0.679337,0.046493,0.502476,0.516979,0.257370,0.048428,-0.024232,0.009006,-0.444185,0.040677,-0.013120,0.381739
GV13,body,1,-0.411271,0.616954,0.446760,0.528961,1.005569,-0.125850,0.141962,0.625494,0.694005,0.309827,-0.129795,0.041639,-0.462073,0.070704,-0.010667,0.077362
GV15,body,1,-0.704720,0.365413,0.248529,0.474437,0.688640,0.003559,0.193110,0.694527,0.122880,0.108796,-0.032479,-0.054614,-0.444648,-0.167255,0.008181,0.242160
GV19,body,1,-0.615591,0.371949,0.050065,0.565133,0.837518,0.048358,0.324198,0.757212,-0.089433,0.294876,-0.214601,-0.013719,-0.321775,0.024745,0.162200,0.490236
GV2,body,1,-0.892094,0.617960,0.413737,0.373226,0.981296,0.028775,0.163521,0.587387,0.312715,-0.034979,0.106034,-0.141317,-0.366135,-0.019836,0.148027,0.389652
GV21,body,1,-0.494854,0.331262,0.516066,0.356652,0.932666,0.050393,0.227075,0.601283,0.018694,0.367727,-0.060569,-0.361096,-0.559474,-0.083419,0.177776,0.089481
GV22,body,1,-0.827193,0.566799,0.281703,0.492273,1.025959,-0.097937,0.071277,0.444644,0.120197,0.404502,-0.131587,0.114236,-0.198290,0.186428,-0.181092,-0.064016
GV23,body,1,-0.489824,0.481895,0.102272,0.416467,0.783688,-0.118453,0.253781,0.586426,0.418680,0.422535,0.013035,0.195827,-0.298684,0.119929,0.060043,0.317903
GV25,body,1,-1.005284,0.495474,0.549095,0.017064,0.921858,0.140123,0.241974,0.495119,0.323939,-0.063567,-0.277907,0.000829,-0.424810,0.117999,0.072440,0.410585
GV27,body,1,-0.671880,0.545066,0.578874,0.197376,0.856540,-0.042604,0.308122,0.823133,0.260872,0.257326,0.010044,0.059841,-0.437564,0.293130,0.288880,0.279176
GV28,body,1,-0.889614,0.584404,0.348131,0.294770,0.705151,-0.000413,0.286690,0.589715,0.346142,0.202025,-0.036980,0.089534,-0.286386,0.036881,-0.127350,0.044420
GV29,body,1,-0.223848,-0.290729,-0.163643,0.319110,0.661170,0.158698,-0.501360,-0.403521,-0.181013,0.828981,0.274115,0.524349,-0.913767,-0.536068,-0.020110,0.539365
GV3,body,1,-0.661241,0.584101,0.114081,0.085249,0.469891,0.120709,0.187996,0.746314,0.635089,0.470639,0.122646,0.005882,-0.532631,-0.017360,-0.190499,0.172468
GV5,body,1,-0.640164,0.610243,0.584333,0.229171,0.673874,-0.034677,0.145284,0.597224,0.306543,0.403559,-0.196855,-0.202337,-0.388539,-0.310261,-0.003916,0.254870
GV6,body,1,-0.835788,0.516373,0.242959,0.444945,0.647480,0.052606,0.339254,0.436068,0.409341,0.346429,-0.161319,0.210498,-0.309720,0.053968,-0.007353,0.146017
GV7,body,1,-0.825151,0.458586,0.301317,0.192559,0.597596,0.260161,0.135765,0.788120,0.465252,0.515249,0.013977,-0.254727,-0.419412,-0.124940,-0.073262,0.185360
GV8,body,1,-0.636295,0.655607,0.399108,0.313359,0.689519,0.056606,0.334626,0.515429,0.340291,0.345963,0.037152,-0.013819,-0.409372,0.251900,-0.109225,0.531475
HT5,body,1,-0.347635,-0.022448,-0.317547,0.653830,0.703932,0.133663,-0.827852,-0.643345,0.103373,0.667533,-0.126839,0.487797,-0.924799,-0.210939,0.009370,0.309863
KI17,body,1,0.503407,-0.405566,0.979751,0.870992,0.760069,-0.331788,0.991112,-1.021004,1.061157,0.354373,-0.035140,1.149332,-0.646346,-0.613483,0.673571,1.181066
KI9,body,1,-0.082003,-0.053719,-0.285289,0.176984,1.035331,-0.081762,-0.765229,-0.380253,-0.379787,0.546065,0.443473,0.224020,-1.261181,-0.612803,-0.406021,0.642964
LR14,body,1,-0.541402,0.132165,0.224033,0.952469,0.838544,0.555370,-0.997672,-0.654871,0.376382,0.200243,-0.034289,0.673859,-0.419844,0.100833,0.336544,0.371008
LR2,body,1,-0.266354,-0.241377,-0.071663,0.505442,0.645799,0.455273,-0.730714,-0.524164,0.009426,0.962712,0.196827,0.393715,-0.708352,-0.346913,-0.226405,0.349409
PC7,body,1,-0.373345,-0.343529,-0.304506,0.811361,0.499293,0.250226,-0.790669,-0.658115,-0.082539,0.978640,-0.008345,0.471271,-0.964308,-0.563392,-0.237368,0.109472
SP4,body,1,-0.094254,-0.299488,0.016085,0.501310,0.538502,-0.046007,-0.429855,-0.666128,0.246455,0.601930,0.187291,0.715001,-0.904202,-0.456197,0.418973,0.837404
ST21,body,1,0.013926,-0.506347,0.083349,0.530782,0.666097,0.212041,-0.392424,-0.850691,0.144862,0.959507,0.135177,0.707866,-0.965616,-0.669769,-0.149141,0.794162
ST24,body,1,0.596873,-0.617334,1.148448,1.117221,0.668044,-0.244925,1.060365,-1.358625,1.150098,0.540275,-0.052748,1.356606,-0.718356,-0.590620,0.705258,1.269109
ST30,body,1,0.518699,-0.386728,0.881349,0.707556,0.763564,-0.389371,1.004278,-1.013186,1.166806,0.269484,-0.158044,1.128328,-0.740916,-0.407046,0.727791,1.263352
ST31,body,1,0.694613,-0.559138,1.027904,1.031068,0.697147,-0.344406,0.960256,-1.077558,1.281671,0.416863,-0.059330,1.324888,-0.598613,-0.445216,0.835861,1.456072
ST40,body,1,0.108135,-0.626810,-0.005200,0.483727,0.698694,-0.034427,-0.475271,-0.520011,0.222281,0.711062,0.257722,0.748016,-0.915020,-0.525440,0.371201,0.871740
TE6,body,1,-0.673462,0.080858,-0.311725,0.571061,0.806467,0.622635,-1.206564,-0.461208,-0.074365,1.022421,0.048242,0.392522,-0.822751,-0.034601,-0.115481,0.198666
