node,system,frequency,cluster_id,cluster_size,viz_x,viz_y
GV14,body,5,0,87,0.737710,0.772251
GV11,body,4,0,87,0.581284,0.947960
GV16,body,4,0,87,0.412158,0.997676
GV17,body,4,0,87,0.419352,1.166571
BL19,body,3,0,87,0.543621,0.930446
BL2,body,3,0,87,0.757683,0.555302
BL21,body,3,0,87,0.613987,1.077315
BL24,body,3,0,87,0.412856,0.932953
BL26,body,3,0,87,0.488539,1.088631
GV4,body,3,0,87,0.493087,1.082379
BL13,body,2,0,87,0.682835,0.910365
BL40,body,2,0,87,0.591360,1.035031
BL57,body,2,0,87,0.790227,0.617289
BL60,body,2,0,87,0.482049,0.976083
GV10,body,2,0,87,0.505382,1.243025
GV18,body,2,0,87,0.404619,1.624856
GV26,body,2,0,87,0.440260,1.163111
GV9,body,2,0,87,0.353510,1.101733
BL10,body,1,0,87,0.269851,1.833017
BL11,body,1,0,87,0.442510,1.557597
BL12,body,1,0,87,0.501791,1.229093
BL14,body,1,0,87,0.310213,1.347913
BL16,body,1,0,87,0.348489,1.500834
BL17,body,1,0,87,0.381524,1.551618
BL22,body,1,0,87,0.431374,1.416422
BL25,body,1,0,87,0.321841,1.598372
BL27,body,1,0,87,0.351395,1.926293
BL28,body,1,0,87,0.464378,1.400108
BL29,body,1,0,87,0.591412,1.232920
BL3,body,1,0,87,0.175640,1.913109
BL30,body,1,0,87,0.150825,1.671227
BL31,body,1,0,87,0.375355,1.672765
BL32,body,1,0,87,0.326949,1.722244
BL33,body,1,0,87,0.291209,1.671761
BL34,body,1,0,87,0.248403,1.487878
BL35,body,1,0,87,0.418324,1.468924
BL36,body,1,0,87,0.243431,1.883078
BL37,body,1,0,87,0.375608,1.634332
BL38,body,1,0,87,0.316215,1.704554
BL39,body,1,0,87,0.332692,1.507170
BL4,body,1,0,87,0.373762,1.700302
BL41,body,1,0,87,0.188619,1.540589
BL42,body,1,0,87,0.266606,1.494058
BL43,body,1,0,87,0.482391,1.319802
BL44,body,1,0,87,0.349574,1.546008
BL45,body,1,0,87,0.451362,1.639956
BL46,body,1,0,87,0.299575,1.506326
BL47,body,1,0,87,0.347355,1.623007
BL48,body,1,0,87,0.483651,1.517766
BL49,body,1,0,87,0.259082,1.793557
BL5,body,1,0,87,0.470210,1.277518
BL50,body,1,0,87,0.260294,1.686396
BL51,body,1,0,87,0.469638,1.513026
BL52,body,1,0,87,0.314532,1.538471
BL53,body,1,0,87,0.428436,1.284542
BL54,body,1,0,87,0.306569,1.634314
BL55,body,1,0,87,0.473918,1.471558
BL56,body,1,0,87,0.494194,1.539919
BL58,body,1,0,87,0.362202,1.551651
BL59,body,1,0,87,0.331730,1.515140
BL6,body,1,0,87,0.426175,1.511385
BL61,body,1,0,87,0.248391,1.650674
BL63,body,1,0,87,0.380319,1.595431
BL64,body,1,0,87,0.300147,1.703833
BL65,body,1,0,87,0.371169,1.728901
BL66,body,1,0,87,0.300380,1.814349
BL67,body,1,0,87,0.310765,1.832687
BL7,body,1,0,87,0.505270,1.491882
BL8,body,1,0,87,0.332550,1.638858
BL9,body,1,0,87,0.309246,1.427280
GV1,body,1,0,87,0.399340,1.603096
GV12,body,1,0,87,0.342612,1.658114
GV13,body,1,0,87,0.262403,1.893958
GV15,body,1,0,87,0.231764,1.712059
GV19,body,1,0,87,0.342764,1.596911
GV2,body,1,0,87,0.457706,1.325158
GV21,body,1,0,87,0.350660,1.587012
GV22,body,1,0,87,0.317821,1.802217
GV23,body,1,0,87,0.274371,1.637812
GV25,body,1,0,87,0.320775,1.675414
GV27,body,1,0,87,0.105138,1.704780
GV28,body,1,0,87,0.297274,1.576662
GV3,body,1,0,87,0.276221,1.788790
GV5,body,1,0,87,0.319124,1.612907
GV6,body,1,0,87,0.228967,1.620657
GV7,body,1,0,87,0.339385,1.632466
GV8,body,1,0,87,0.233526,1.606895
HT7,body,42,1,39,1.522051,0.282132
GV20,body,36,1,39,1.229823,0.308310
SP6,body,30,1,39,1.744918,0.050962
PC6,body,26,1,39,1.626090,0.189711
ST36,body,16,1,39,1.396633,0.129785
GV24,body,14,1,39,0.879125,0.345481
EX-HN22,body,13,1,39,1.744317,-0.051967
SISHENCONG,body,13,1,39,1.782598,0.073554
BL15,body,12,1,39,0.856867,0.509056
BL23,body,12,1,39,0.915728,0.461779
KI6,body,11,1,39,1.704754,0.166414
BL62,body,10,1,39,1.007324,0.311444
EX-HN1,body,10,1,39,1.598557,0.131806
EX-HN3,body,10,1,39,2.160005,-0.074372
LR3,body,10,1,39,1.571369,0.053502
KI3,body,9,1,39,1.491380,0.022428
ANMIAN,body,7,1,39,1.636497,0.051097
BL18,body,7,1,39,0.646620,0.803404
BL20,body,6,1,39,0.866110,0.481218
KI1,body,5,1,39,1.909481,-0.163310
LI4,body,4,1,39,1.761042,0.034702
TAIYANG,body,3,1,39,1.996903,-0.063508
GB20,body,2,1,39,2.158356,-0.088777
GB43,body,2,1,39,1.254233,0.337508
BG13,body,1,1,39,1.688406,0.201670
GB19,body,1,1,39,1.532904,0.065664
GB25,body,1,1,39,0.845109,0.494993
GB34,body,1,1,39,1.911684,-0.191289
GB35,body,1,1,39,1.686873,0.044570
GV29,body,1,1,39,1.475187,0.072184
HT5,body,1,1,39,1.480740,0.039063
KI9,body,1,1,39,1.579727,0.179195
LR14,body,1,1,39,0.907992,0.358689
LR2,body,1,1,39,1.363515,0.282597
PC7,body,1,1,39,1.498431,0.266226
SP4,body,1,1,39,1.645734,0.048140
ST21,body,1,1,39,2.024353,0.068762
ST40,body,1,1,39,1.795954,-0.094207
TE6,body,1,1,39,1.134098,0.398528
EAR_SHENMEN,ear,17,2,21,2.556489,-0.226702
EAR_HEART,ear,10,2,21,2.845985,-0.403826
EAR_KIDNEY,ear,9,2,21,2.761189,-0.380693
EAR_SPLEEN,ear,9,2,21,2.808430,-0.362898
EAR_LIVER,ear,8,2,21,3.016106,-0.275830
EAR_SUBCORTEX,ear,7,2,21,2.806049,-0.133935
EAR_SYMPATHETIC,ear,6,2,21,2.614411,-0.307978
EAR_OCCIPUT,ear,5,2,21,2.700349,-0.360253
EAR_ENDOCRINE,ear,3,2,21,3.027628,-0.212781
EX-HN5,body,3,2,21,2.197993,-0.227312
EAR_GALLBLADDER,ear,2,2,21,3.384177,-0.427958
LI10,body,2,2,21,2.050404,-0.128952
TE17,body,2,2,21,2.021358,0.085189
EAR_BRAIN,ear,1,2,21,2.088332,-0.115380
EAR_CORTICAL_AREAS,ear,1,2,21,2.844821,-0.141213
EAR_HYPOPHYSIS,ear,1,2,21,2.560967,-0.158868
EAR_LARGE_INTESTINE,ear,1,2,21,3.153001,-0.476931
EAR_LUNG,ear,1,2,21,2.673192,-0.350422
EAR_SANJIAO,ear,1,2,21,2.964944,-0.339508
EAR_SMALL_INTESTINE,ear,1,2,21,3.197990,-0.383066
EAR_STOMACH,ear,1,2,21,3.142224,-0.404440
YINTANG,body,9,3,15,1.733810,-0.108919
CV12,body,8,3,15,1.228111,0.323014
CV6,body,6,3,15,1.285938,0.315536
CV4,body,5,3,15,1.616558,0.002316
CV10,body,4,3,15,2.347880,-0.329099
ST25,body,3,3,15,1.198482,0.211609
CV13,body,1,3,15,1.677660,0.091602
CV14,body,1,3,15,0.913912,0.432130
CV15,body,1,3,15,0.991927,0.500987
CV17,body,1,3,15,1.062413,0.202574
CV24,body,1,3,15,0.920047,0.325711
KI17,body,1,3,15,2.033833,-0.152302
ST24,body,1,3,15,2.285109,-0.387425
ST30,body,1,3,15,2.018777,-0.238372
ST31,body,1,3,15,1.916393,-0.146230
